Time,Aston Quay,Bachelors Walk,Grafton Street / Nassau Street / Suffolk Street,Capel Street,"College Green, Bank Of Ireland",College Green @ Church Lane,Dawson Street,Dawson Street Replacement,Dame Street,Grafton Street,Grafton Street @ CompuB,"Doilier Street, Burgh Quay",College Green - Dame St Side,Henry Street,Liffey Street,Mary Street,O'Connell St Outside Pennys,"O'Connell St, Parnell St @ AIB",O'Connell St Outside Clerys,Talbot Street North,Talbot Street South,Westmoreland Street East,Westmoreland Street West
2023-03-03 00:00:00,1773,36,4566,384,23,624,234,874,176,143,516,21,5,420,5407,46,114,136,224,2118,1758,1110,1126
2023-03-03 01:00:00,998,14,1276,890,10,624,100,618,201,53,113,7,11,101,5195,22,166,61,118,1300,1758,1013,1126
2023-03-03 02:00:00,1114,8,1490,1529,30,624,59,434,180,52,170,6,1,101,4011,21,177,41,83,2114,1758,834,1126
2023-03-03 03:00:00,617,31,1053,1278,16,624,40,304,129,26,86,8,3,124,2336,8,211,43,71,1026,1758,1112,1126
2023-03-03 04:00:00,381,6,273,1468,2,624,20,117,114,7,44,2,3,174,2922,18,116,31,40,754,1758,700,1126
2023-03-03 05:00:00,487,38,523,1885,5,624,67,182,37,20,53,9,6,250,3559,33,90,41,129,825,1758,696,1126
2023-03-03 06:00:00,2378,124,2617,880,20,624,219,1220,226,81,362,57,50,931,3451,71,640,125,439,1813,1758,1519,1126
2023-03-03 07:00:00,4573,114,3897,1279,23,624,441,2156,413,173,859,132,79,1258,4594,147,1319,261,626,2660,1758,2151,1126
2023-03-03 08:00:00,5377,281,5672,2003,71,624,994,2506,713,324,1452,333,235,2704,5234,332,1579,636,1178,3040,1758,2307,1126
2023-03-03 09:00:00,4301,198,8534,1466,84,624,916,2099,688,280,1114,252,152,3741,6116,430,1380,621,1095,2757,1758,1978,1126
2023-03-03 10:00:00,4508,212,4124,4044,102,624,854,1922,665,284,1039,165,76,4749,6216,604,1934,690,1197,2726,1758,1600,1126
2023-03-03 11:00:00,3931,241,4324,3087,177,624,931,1982,682,331,1404,177,78,5653,6116,730,2504,779,1239,3175,1758,1606,1126
2023-03-03 12:00:00,5411,279,4593,3363,148,624,1102,1943,907,415,1370,353,115,7724,5496,847,2507,1074,1351,3777,1758,1654,1126
2023-03-03 13:00:00,5240,424,14010,5500,263,624,1121,1960,1120,509,1222,387,175,12419,5447,1205,2679,1085,1618,4291,1758,1490,1126
2023-03-03 14:00:00,4506,320,10228,2879,225,624,1027,1931,1003,473,1306,229,120,12560,5860,1121,2745,1006,1423,4607,1758,1358,1126
2023-03-03 15:00:00,5464,235,8118,3135,215,624,1030,1914,1036,500,1305,214,89,12798,6591,1116,2344,1119,1246,3789,1758,1805,1126
2023-03-03 16:00:00,4616,244,12409,3308,320,624,1073,1454,988,462,1406,273,144,12886,5665,1125,2910,1299,1287,3027,1758,1533,1126
2023-03-03 17:00:00,4282,326,9863,4255,338,624,1238,1748,1342,536,1517,384,174,12965,6798,915,3299,1320,1530,3444,1758,1526,1126
2023-03-03 18:00:00,5222,220,7326,5116,293,624,1175,1371,1239,440,1860,315,146,14039,6365,804,2464,1183,1522,3148,1758,1900,1126
2023-03-03 19:00:00,4444,151,6255,3732,229,624,825,2047,1008,306,1447,197,108,9027,7087,593,2467,1043,1376,3475,1758,2276,1126
2023-03-03 20:00:00,5040,107,6535,4218,168,624,650,1706,921,202,1011,113,89,4233,6666,456,1501,892,1057,3222,1758,2185,1126
2023-03-03 21:00:00,5524,128,5576,3716,146,624,454,1366,842,189,668,99,55,2477,7705,256,1114,619,918,3631,1758,2119,1126
2023-03-03 22:00:00,1911,103,4815,2721,172,624,568,1275,828,232,708,61,45,2113,7342,188,1217,409,917,3183,1758,2652,1126
2023-03-03 23:00:00,3945,59,3507,2856,148,624,563,1513,844,274,637,71,52,990,6407,104,1235,352,653,5115,1758,2387,1126
2023-03-04 00:00:00,1606,25,2712,1734,89,624,366,1030,412,174,338,53,8,318,6971,56,211,270,446,5593,1758,1405,1126
2023-03-04 01:00:00,2336,36,1645,928,72,624,253,848,248,121,278,25,28,614,6665,58,211,131,304,4566,1758,2515,1126
2023-03-04 02:00:00,1680,22,1156,1912,60,624,193,619,312,104,286,23,13,91,5058,22,61,104,273,2979,1758,1571,1126
2023-03-04 03:00:00,1381,17,653,348,78,624,110,635,185,78,211,21,2,209,2966,24,43,83,176,2015,1758,1549,1126
2023-03-04 04:00:00,561,6,375,24,14,624,46,415,60,22,73,4,3,69,3144,23,60,37,66,1597,1758,1108,1126
2023-03-04 05:00:00,364,2,593,19,7,624,28,196,29,17,27,3,4,130,2973,38,50,25,69,916,1758,2518,1126
2023-03-04 06:00:00,1724,20,558,326,14,624,76,685,101,53,132,7,12,542,3476,32,80,70,257,642,1758,1078,1126
2023-03-04 07:00:00,1445,28,1174,364,6,624,166,895,201,73,242,22,26,507,3812,72,209,138,393,1145,1758,763,1126
2023-03-04 08:00:00,3559,58,2742,961,21,624,320,1676,340,103,520,36,53,1528,4782,220,550,269,461,2613,1758,1554,1126
2023-03-04 09:00:00,3741,111,3870,2547,67,624,571,1723,479,178,700,85,81,4916,5363,398,705,450,718,2635,1758,1943,1126
2023-03-04 10:00:00,4005,110,4490,3129,157,624,825,2098,586,302,1139,109,99,6484,4415,622,763,659,1114,3450,1758,1847,1126
2023-03-04 11:00:00,4639,160,5622,3646,253,624,979,2120,717,350,1355,168,81,10166,4966,924,955,813,1138,3356,1758,1747,1126
2023-03-04 12:00:00,5553,166,6214,3974,295,624,1054,2256,1032,464,1775,149,96,12132,4875,1138,1236,913,1314,3398,1758,2316,1126
2023-03-04 13:00:00,5226,159,7329,3495,324,624,1139,2508,1229,568,1793,174,94,14310,4943,1298,934,1156,1380,3564,1758,2343,1126
2023-03-04 14:00:00,6361,166,6953,3660,408,624,1128,2354,1395,525,1704,173,74,14247,14550,1314,1281,1283,1434,3415,1758,1980,1126
2023-03-04 15:00:00,5209,174,7250,3522,393,624,1175,2138,1477,588,1637,122,100,15461,14316,1392,968,1142,1445,3361,1758,2185,1126
2023-03-04 16:00:00,4048,145,7842,4019,412,624,1099,2041,1396,578,1876,169,109,15425,13878,1245,1158,1210,1639,3813,1758,2353,1126
2023-03-04 17:00:00,5750,145,6441,3564,429,624,1008,2251,1393,519,1943,167,81,12826,4737,1351,1154,1214,1480,3866,1758,2403,1126
2023-03-04 18:00:00,6027,128,8508,2898,349,624,883,2213,1390,487,1827,138,97,10427,5923,1142,1256,1032,1522,3607,1758,2525,1126
2023-03-04 19:00:00,5119,107,5758,3658,261,624,731,1924,1479,308,1636,138,84,5678,6016,739,1002,1069,1412,4645,1758,2246,1126
2023-03-04 20:00:00,5066,94,5985,2587,203,624,562,2069,1334,257,1408,76,47,3180,7003,388,1014,756,1117,5915,1758,2217,1126
2023-03-04 21:00:00,4585,73,8202,1651,144,624,413,1251,951,195,903,56,29,1640,7513,285,558,598,850,4666,1758,2179,1126
2023-03-04 22:00:00,3023,86,7374,1948,162,624,580,1311,1031,248,878,63,58,1567,7475,212,1279,467,834,4318,1758,2008,1126
2023-03-04 23:00:00,4163,53,6046,3284,146,624,481,1291,900,222,856,45,42,1269,6431,132,811,349,705,4187,1758,2365,1126
2023-03-05 00:00:00,3639,39,4463,2734,97,624,388,1146,588,185,1042,31,3,726,6598,45,137,238,388,3835,1758,1625,1126
2023-03-05 01:00:00,1831,21,2497,630,77,624,251,947,337,147,1042,20,15,222,4526,41,261,150,285,3339,1758,1680,1126
2023-03-05 02:00:00,2160,13,2277,729,68,624,185,876,331,112,1042,15,11,194,4649,31,101,122,284,5557,1758,1725,1126
2023-03-05 03:00:00,2467,17,1404,457,78,624,158,886,365,86,1042,11,7,408,3207,14,43,106,187,4406,1758,1707,1126
2023-03-05 04:00:00,2029,3,729,430,12,624,37,569,125,23,1042,4,5,62,3835,9,41,48,41,2476,1758,973,1126
2023-03-05 05:00:00,1418,5,849,308,7,624,20,173,93,17,1042,2,4,41,2875,39,63,40,64,2386,1758,132,1126
2023-03-05 06:00:00,1484,7,1422,199,12,624,56,324,69,24,1042,8,5,113,12245,16,60,77,134,3117,1758,104,1126
2023-03-05 07:00:00,900,17,1318,550,7,624,105,524,84,39,1042,20,26,304,3482,29,169,88,251,1943,1758,882,1126
2023-03-05 08:00:00,1818,54,3188,1337,17,624,185,1203,160,69,1042,24,44,837,4875,85,519,172,323,2886,1758,2087,1126
2023-03-05 09:00:00,2606,61,6938,1863,27,624,351,1508,398,128,1042,86,41,1713,5370,150,766,318,511,3029,1758,1924,1126
2023-03-05 10:00:00,2463,99,7009,2315,79,624,579,1617,496,188,1042,95,91,3511,5846,435,567,574,623,2917,1758,1686,1126
2023-03-05 11:00:00,3184,123,6623,2495,168,624,876,1971,493,350,1042,115,92,4832,6179,794,609,693,935,3233,1758,1888,1126
2023-03-05 12:00:00,4565,102,5511,3633,171,624,984,1954,650,461,1042,129,80,5850,6548,1087,921,877,969,3282,1758,2100,1126
2023-03-05 13:00:00,4658,99,7779,5898,273,624,970,2110,883,535,1042,139,89,11228,6323,1216,775,1078,1121,3518,1758,2260,1126
2023-03-05 14:00:00,4516,123,7397,3923,313,624,982,2031,1082,562,1042,144,112,12889,6086,1481,839,1143,1033,3469,1758,2236,1126
2023-03-05 15:00:00,5288,136,7364,4830,324,624,968,2128,1224,523,1042,178,99,13886,4427,1273,995,1146,1140,3556,1758,1580,1126
2023-03-05 16:00:00,4747,110,7505,2961,301,624,857,2068,948,472,1042,133,116,12059,4319,1218,811,1143,994,3565,1758,2229,1126
2023-03-05 17:00:00,5265,119,7392,3393,285,624,762,2088,1014,379,1042,106,98,11319,4547,916,971,1111,1148,3389,1758,2247,1126
2023-03-05 18:00:00,5439,93,9122,4064,252,624,652,1957,991,338,1042,99,63,7728,4907,978,1002,1077,1262,3432,1758,2379,1126
2023-03-05 19:00:00,4994,61,7398,3338,141,624,464,1937,789,268,1042,99,74,4878,5031,461,833,945,1135,4323,1758,2675,1126
2023-03-05 20:00:00,4121,95,5452,2712,79,624,315,1937,797,156,1042,54,53,2188,4969,296,837,668,817,3223,1758,2677,1126
2023-03-05 21:00:00,4168,54,8260,2113,50,624,224,1913,770,141,1042,64,28,1424,5307,128,836,410,564,3982,1758,2355,1126
2023-03-05 22:00:00,3452,119,7865,1116,58,624,232,1639,540,119,1042,31,20,804,6027,89,669,280,449,3723,1758,1939,1126
2023-03-05 23:00:00,2690,93,4811,884,34,624,191,1241,387,98,1042,19,19,406,7509,63,726,235,342,3742,1758,1043,1126
2023-03-06 00:00:00,1479,46,3137,892,14,618,46,776,194,38,732,14,0,98,5259,12,190,119,179,2574,1789,841,886
2023-03-06 01:00:00,1241,14,1189,1021,0,594,0,586,78,0,584,0,0,0,4873,0,0,33,92,1384,1689,625,783
2023-03-06 02:00:00,1156,20,869,1010,0,613,0,548,111,7,567,35,24,0,4617,0,0,24,118,830,1700,609,770
2023-03-06 03:00:00,1357,42,978,941,0,629,69,579,140,49,571,78,35,0,6371,0,126,29,148,837,1693,554,746
2023-03-06 04:00:00,1252,55,1651,792,0,628,119,585,125,54,506,79,45,0,6650,0,263,44,145,826,1654,593,690
2023-03-06 05:00:00,1400,28,1753,712,7,610,108,663,108,37,416,35,32,0,6262,0,234,40,156,982,1615,593,623
2023-03-06 06:00:00,1947,54,2519,736,49,606,225,942,193,82,533,67,48,509,5345,89,444,134,328,1057,1647,762,690
2023-03-06 07:00:00,2752,137,3796,918,118,641,460,1254,358,187,791,165,98,1824,4872,248,887,293,585,1332,1711,969,851
2023-03-06 08:00:00,3349,213,5165,1258,186,669,692,1455,516,282,1033,252,142,3303,4948,418,1389,474,803,1659,1755,1078,1011
2023-03-06 09:00:00,3729,223,6342,1661,230,657,770,1520,587,315,1165,228,135,4414,5451,546,1569,587,886,1985,1721,1079,1098
2023-03-06 10:00:00,3796,204,7189,2024,269,627,767,1516,632,325,1252,175,105,5489,5839,654,1612,687,942,2219,1695,1081,1167
2023-03-06 11:00:00,3917,235,7785,2386,340,631,849,1521,739,396,1392,193,103,7027,6030,806,1782,815,1090,2486,1681,1131,1292
2023-03-06 12:00:00,4107,292,8269,2679,418,661,987,1556,875,493,1560,265,125,8690,6164,960,2049,963,1283,2764,1696,1210,1449
2023-03-06 13:00:00,4361,324,8592,2852,467,680,1072,1624,974,547,1669,305,142,9801,6282,1044,2244,1062,1394,2947,1721,1275,1564
2023-03-06 14:00:00,4575,296,8796,2865,469,668,1042,1685,992,531,1698,275,136,9963,6372,1021,2258,1089,1384,3023,1734,1322,1605
2023-03-06 15:00:00,4672,265,8946,2789,459,654,992,1711,1002,501,1685,247,126,9553,6422,950,2254,1086,1357,3071,1733,1380,1625
2023-03-06 16:00:00,4696,257,9087,2674,458,659,981,1697,1031,493,1664,258,128,9006,6500,886,2294,1078,1368,3172,1740,1451,1658
2023-03-06 17:00:00,4614,258,9010,2550,453,668,965,1657,1043,483,1604,284,132,8222,6645,818,2268,1045,1364,3324,1757,1499,1673
2023-03-06 18:00:00,4466,234,8538,2390,420,659,870,1608,984,430,1471,269,121,6945,6736,706,2040,954,1267,3409,1775,1496,1621
2023-03-06 19:00:00,4248,188,7766,2185,362,632,702,1543,867,343,1275,208,93,5279,6642,552,1654,812,1083,3374,1782,1457,1501
2023-03-06 20:00:00,3982,148,6883,1951,307,610,542,1450,745,266,1075,144,66,3700,6478,399,1289,657,888,3245,1782,1407,1365
2023-03-06 21:00:00,3620,124,6012,1725,270,603,434,1319,643,219,904,105,50,2545,6348,283,1037,516,727,3076,1778,1338,1236
2023-03-06 22:00:00,3111,103,5056,1517,242,601,354,1148,540,185,747,83,41,1758,6298,199,835,394,583,2833,1773,1227,1096
2023-03-06 23:00:00,2502,72,3951,1310,212,591,264,962,422,144,591,56,28,1121,6162,127,610,282,437,2464,1766,1073,929
2023-03-07 00:00:00,1946,39,2857,1108,181,577,172,794,305,99,452,29,14,578,5894,65,386,187,306,1991,1761,913,762
2023-03-07 01:00:00,1583,23,2035,938,158,570,116,677,225,69,365,20,9,224,5645,26,249,124,226,1526,1757,788,641
2023-03-07 02:00:00,1437,25,1620,817,146,572,109,622,186,59,334,29,15,91,5564,13,226,96,201,1173,1751,708,576
2023-03-07 03:00:00,1450,32,1576,744,137,573,130,624,173,59,341,42,25,108,5642,18,269,92,208,968,1740,663,551
2023-03-07 04:00:00,1588,39,1816,717,129,570,163,685,176,62,379,49,34,234,5690,37,342,107,238,897,1728,657,555
2023-03-07 05:00:00,1858,53,2321,754,132,572,223,805,208,81,466,61,44,573,5617,80,473,151,308,943,1721,699,602
2023-03-07 06:00:00,2261,85,3098,879,152,586,329,971,279,125,615,94,61,1244,5492,162,701,231,433,1100,1724,783,705
2023-03-07 07:00:00,2728,129,4079,1095,188,607,468,1149,377,187,807,141,84,2228,5436,276,996,343,589,1345,1733,881,845
2023-03-07 08:00:00,3170,170,5123,1378,229,627,602,1304,477,250,1004,180,102,3382,5489,405,1285,467,743,1631,1739,964,992
2023-03-07 09:00:00,3533,201,6103,1688,271,642,709,1421,569,306,1183,203,112,4595,5603,534,1525,590,877,1918,1736,1025,1128
2023-03-07 10:00:00,3818,228,6959,1997,317,657,800,1500,659,360,1345,220,117,5844,5740,660,1732,711,1004,2190,1731,1078,1258
2023-03-07 11:00:00,4048,255,7676,2279,367,676,885,1555,753,416,1492,243,123,7085,5897,779,1928,828,1130,2447,1728,1132,1383
2023-03-07 12:00:00,4234,279,8229,2506,411,694,957,1594,841,465,1609,267,130,8160,6070,876,2098,930,1241,2682,1731,1185,1493
2023-03-07 13:00:00,4377,290,8600,2651,442,706,996,1623,907,495,1681,279,134,8875,6231,931,2207,1004,1313,2875,1737,1234,1572
2023-03-07 14:00:00,4476,287,8801,2706,456,710,998,1641,948,502,1705,278,133,9134,6351,939,2246,1042,1345,3024,1744,1282,1619
2023-03-07 15:00:00,4531,276,8859,2683,457,709,977,1646,971,493,1688,272,130,8968,6439,909,2235,1049,1346,3140,1753,1333,1639
2023-03-07 16:00:00,4531,262,8777,2601,447,705,939,1636,975,474,1633,266,125,8447,6516,851,2177,1025,1321,3237,1765,1379,1637
2023-03-07 17:00:00,4460,243,8515,2473,426,695,879,1605,953,442,1537,254,118,7608,6579,767,2053,970,1262,3302,1778,1407,1604
2023-03-07 18:00:00,4307,216,8046,2308,393,677,788,1552,900,394,1402,228,106,6503,6598,660,1850,883,1161,3312,1788,1408,1535
2023-03-07 19:00:00,4073,184,7386,2115,351,653,677,1475,820,337,1238,192,89,5254,6553,541,1590,770,1026,3250,1795,1383,1435
2023-03-07 20:00:00,3766,153,6592,1908,308,629,561,1374,726,280,1065,154,71,4027,6463,422,1317,647,878,3116,1797,1332,1315
2023-03-07 21:00:00,3392,124,5713,1699,267,607,455,1251,627,229,894,119,56,2941,6355,316,1060,523,729,2912,1796,1257,1183
2023-03-07 22:00:00,2968,97,4788,1495,230,585,358,1113,524,183,734,89,42,2034,6235,224,824,407,586,2640,1792,1157,1043
2023-03-07 23:00:00,2532,72,3874,1299,196,565,272,975,423,142,590,62,31,1305,6093,147,614,303,456,2311,1784,1043,903
2023-03-08 00:00:00,2145,51,3063,1122,167,548,204,854,334,107,476,43,22,766,5936,89,450,219,350,1957,1774,931,776
2023-03-08 01:00:00,1860,39,2452,975,146,537,164,766,268,84,403,34,20,433,5795,53,353,162,282,1621,1764,836,678
2023-03-08 02:00:00,1707,37,2107,870,133,532,154,723,228,74,373,36,23,303,5697,40,327,132,253,1349,1754,767,616
2023-03-08 03:00:00,1692,42,2046,815,127,532,172,729,213,75,387,45,29,359,5636,48,364,130,260,1168,1743,729,593
2023-03-08 04:00:00,1808,54,2264,817,130,538,214,782,223,87,443,60,39,602,5590,79,458,154,301,1088,1734,725,607
2023-03-08 05:00:00,2041,73,2738,883,142,550,282,876,259,112,542,81,51,1057,5550,133,608,204,377,1112,1727,752,661
2023-03-08 06:00:00,2361,101,3426,1016,167,569,374,998,319,151,679,108,66,1738,5528,213,809,280,483,1230,1724,804,751
2023-03-08 07:00:00,2727,133,4258,1210,201,592,481,1132,397,200,842,140,81,2622,5539,312,1042,376,610,1422,1722,871,867
2023-03-08 08:00:00,3098,166,5148,1449,242,618,590,1260,484,254,1015,171,95,3650,5589,424,1281,485,744,1660,1722,939,996
2023-03-08 09:00:00,3442,197,6022,1710,287,644,693,1372,574,308,1186,197,106,4751,5672,540,1510,598,876,1917,1721,1006,1129
2023-03-08 10:00:00,3743,225,6822,1970,334,670,785,1463,663,360,1344,221,115,5855,5782,651,1719,709,1001,2175,1722,1068,1257
2023-03-08 11:00:00,3994,248,7507,2206,379,693,862,1531,748,407,1479,242,122,6873,5915,749,1900,811,1113,2420,1724,1126,1375
2023-03-08 12:00:00,4190,265,8044,2397,417,713,919,1579,822,444,1582,258,128,7703,6060,824,2040,897,1204,2642,1729,1179,1474
2023-03-08 13:00:00,4332,274,8415,2526,444,726,950,1609,879,467,1646,268,130,8251,6199,869,2130,959,1266,2832,1737,1227,1548
2023-03-08 14:00:00,4420,274,8615,2587,458,732,956,1623,917,476,1668,269,129,8464,6320,879,2163,993,1297,2986,1746,1271,1595
2023-03-08 15:00:00,4453,266,8645,2581,460,731,936,1621,935,469,1647,265,125,8331,6417,857,2141,997,1295,3104,1758,1310,1613
2023-03-08 16:00:00,4425,252,8506,2517,449,723,895,1601,931,450,1587,254,119,7877,6488,805,2064,971,1262,3184,1770,1338,1602
2023-03-08 17:00:00,4329,233,8195,2404,426,708,831,1563,904,419,1490,237,111,7148,6527,729,1932,917,1197,3219,1782,1352,1561
2023-03-08 18:00:00,4162,208,7717,2252,394,686,750,1505,853,377,1362,213,99,6215,6529,636,1750,838,1103,3199,1792,1345,1492
2023-03-08 19:00:00,3925,180,7092,2073,354,660,655,1426,784,329,1212,184,85,5170,6490,532,1534,741,986,3119,1799,1317,1397
2023-03-08 20:00:00,3627,152,6354,1879,312,632,556,1328,702,280,1052,153,71,4113,6418,428,1301,633,857,2977,1802,1267,1283
2023-03-08 21:00:00,3285,125,5548,1681,270,604,460,1217,611,232,892,123,58,3124,6320,329,1070,523,724,2776,1802,1198,1158
2023-03-08 22:00:00,2921,100,4725,1487,230,577,371,1101,520,188,743,95,45,2258,6205,242,856,418,596,2525,1798,1114,1029
2023-03-08 23:00:00,2568,78,3948,1305,195,553,296,990,433,150,613,73,36,1552,6079,170,673,326,483,2243,1790,1023,905
2023-03-09 00:00:00,2262,62,3282,1147,166,534,239,896,358,120,513,57,30,1032,5951,116,536,251,394,1954,1780,936,796
2023-03-09 01:00:00,2035,52,2790,1020,144,522,207,829,301,101,449,49,27,712,5833,84,454,200,334,1685,1769,861,712
2023-03-09 02:00:00,1910,50,2514,934,132,516,199,798,266,92,425,49,30,596,5734,73,431,173,309,1466,1757,806,659
2023-03-09 03:00:00,1897,55,2477,898,129,518,218,805,254,95,444,57,35,682,5657,85,468,173,317,1315,1746,775,640
2023-03-09 04:00:00,1992,67,2680,915,135,526,260,849,265,109,503,71,44,967,5603,119,559,198,358,1245,1736,770,657
2023-03-09 05:00:00,2184,86,3102,989,152,542,323,925,299,135,599,91,55,1450,5571,175,699,247,428,1259,1727,789,708
2023-03-09 06:00:00,2450,110,3702,1118,178,563,405,1024,352,170,726,116,68,2117,5566,251,877,318,523,1352,1721,828,789
2023-03-09 07:00:00,2759,138,4425,1293,213,589,496,1134,421,213,874,142,80,2938,5590,341,1081,405,635,1508,1717,881,892
2023-03-09 08:00:00,3084,167,5208,1501,254,618,592,1244,499,261,1031,169,93,3866,5642,440,1293,502,755,1710,1715,941,1010
2023-03-09 09:00:00,3400,194,5990,1726,297,647,684,1346,581,309,1187,195,104,4840,5721,542,1500,604,876,1937,1716,1003,1132
2023-03-09 10:00:00,3686,219,6719,1948,341,676,766,1434,662,355,1331,217,113,5790,5822,638,1690,703,990,2172,1718,1063,1251
2023-03-09 11:00:00,3931,240,7350,2150,382,701,834,1503,738,395,1454,236,119,6641,5939,720,1852,793,1089,2401,1722,1120,1360
2023-03-09 12:00:00,4124,254,7849,2313,416,720,884,1554,803,426,1546,250,124,7316,6063,783,1974,867,1169,2610,1729,1173,1452
2023-03-09 13:00:00,4262,261,8196,2427,440,734,911,1585,854,445,1602,258,125,7755,6185,819,2050,919,1223,2792,1738,1219,1520
2023-03-09 14:00:00,4342,261,8376,2485,453,739,915,1598,886,452,1619,259,124,7916,6294,828,2074,947,1248,2940,1749,1258,1563
2023-03-09 15:00:00,4361,255,8387,2485,453,737,896,1592,900,447,1597,254,121,7791,6382,808,2047,948,1243,3049,1761,1288,1577
2023-03-09 16:00:00,4317,242,8230,2432,442,728,855,1568,892,429,1537,243,114,7394,6444,763,1968,923,1208,3114,1773,1307,1563
2023-03-09 17:00:00,4208,224,7910,2332,420,711,796,1526,864,400,1444,226,106,6765,6475,696,1842,873,1146,3132,1784,1311,1521
2023-03-09 18:00:00,4036,202,7443,2195,389,688,722,1465,817,364,1324,204,95,5962,6473,613,1678,802,1059,3097,1793,1298,1452
2023-03-09 19:00:00,3806,177,6852,2032,352,660,638,1388,755,322,1186,178,83,5059,6438,522,1486,715,954,3007,1800,1268,1362
2023-03-09 20:00:00,3529,151,6172,1852,312,631,550,1298,680,277,1039,151,71,4129,6374,428,1281,620,839,2865,1803,1221,1256
2023-03-09 21:00:00,3222,126,5445,1668,271,601,464,1199,600,234,892,125,59,3239,6286,339,1077,522,721,2676,1803,1160,1141
2023-03-09 22:00:00,2908,104,4721,1488,232,573,386,1100,519,194,757,101,49,2445,6183,259,890,429,608,2451,1798,1088,1024
2023-03-09 23:00:00,2612,85,4051,1323,197,549,320,1008,444,160,641,82,41,1791,6070,193,731,347,510,2206,1791,1014,914
2023-03-10 00:00:00,2360,71,3490,1181,169,530,272,932,379,133,553,68,36,1307,5956,144,613,281,433,1962,1782,943,819
2023-03-10 01:00:00,2175,63,3083,1072,149,518,245,880,330,117,498,61,34,1012,5850,116,543,236,382,1739,1770,882,746
2023-03-10 02:00:00,2075,62,2864,1002,138,513,241,857,300,110,481,61,36,914,5758,108,526,213,360,1557,1759,837,701
2023-03-10 03:00:00,2066,67,2849,979,137,515,259,864,291,114,502,68,41,1016,5685,122,561,214,369,1431,1747,812,687
2023-03-10 04:00:00,2148,79,3039,1005,145,525,298,902,302,128,560,81,48,1311,5633,156,646,239,408,1373,1737,807,704
2023-03-10 05:00:00,2311,96,3415,1080,163,542,356,966,333,153,650,99,58,1787,5607,210,773,285,472,1383,1728,821,752
2023-03-10 06:00:00,2537,118,3944,1200,190,564,429,1049,381,185,767,121,69,2421,5607,281,933,350,558,1460,1721,853,825
2023-03-10 07:00:00,2806,142,4581,1358,224,591,510,1142,443,224,902,145,81,3179,5633,363,1115,429,658,1592,1716,897,919
2023-03-10 08:00:00,3093,167,5275,1542,263,620,594,1239,513,266,1045,169,92,4016,5685,452,1305,517,767,1766,1714,949,1025
2023-03-10 09:00:00,3378,192,5975,1738,304,650,676,1331,587,309,1186,192,101,4877,5760,541,1491,608,875,1967,1715,1005,1137
2023-03-10 10:00:00,3642,214,6631,1931,344,678,749,1412,660,349,1315,213,110,5699,5853,624,1660,696,977,2179,1718,1062,1246
2023-03-10 11:00:00,3871,232,7202,2104,380,702,809,1478,728,384,1424,230,116,6421,5958,694,1803,774,1065,2388,1723,1116,1345
2023-03-10 12:00:00,4053,244,7657,2246,410,721,852,1527,785,410,1505,242,120,6984,6068,747,1909,838,1135,2583,1731,1166,1428
2023-03-10 13:00:00,4182,250,7970,2346,432,733,875,1557,829,427,1554,248,121,7340,6175,777,1973,883,1182,2752,1740,1208,1490
2023-03-10 14:00:00,4253,250,8127,2398,443,738,877,1569,857,432,1567,249,120,7461,6271,784,1991,906,1202,2889,1751,1243,1527
2023-03-10 15:00:00,4263,244,8124,2399,442,735,858,1561,867,426,1543,244,116,7339,6348,765,1961,905,1195,2986,1763,1267,1538
2023-03-10 16:00:00,4211,232,7961,2353,431,725,821,1536,858,410,1486,233,110,6986,6401,725,1885,881,1161,3040,1774,1280,1522
2023-03-10 17:00:00,4098,216,7649,2264,410,707,766,1492,831,385,1399,217,102,6435,6427,666,1769,835,1102,3047,1784,1279,1480
2023-03-10 18:00:00,3929,196,7206,2141,382,684,699,1433,787,352,1289,197,92,5735,6423,593,1619,771,1022,3004,1793,1263,1415
2023-03-10 19:00:00,3712,173,6657,1992,347,658,624,1360,730,314,1162,174,81,4942,6391,511,1448,694,928,2912,1799,1232,1331
2023-03-10 20:00:00,3458,150,6037,1828,309,629,545,1277,663,275,1028,150,71,4118,6333,427,1266,608,825,2775,1801,1188,1233
2023-03-10 21:00:00,3185,128,5384,1659,271,600,469,1189,592,236,895,127,60,3322,6255,347,1086,522,720,2601,1801,1134,1128
2023-03-10 22:00:00,2911,108,4745,1495,234,573,400,1104,521,200,774,106,52,2606,6162,275,921,439,621,2400,1797,1073,1023
2023-03-10 23:00:00,2658,92,4164,1346,202,549,343,1026,455,170,671,89,45,2012,6061,215,783,366,535,2186,1790,1010,926
2023-03-11 00:00:00,2446,80,3685,1220,176,532,302,964,399,146,594,78,41,1572,5959,172,681,308,468,1976,1781,951,843
2023-03-11 01:00:00,2293,73,3345,1125,158,520,280,922,357,132,548,72,39,1308,5863,147,623,269,425,1786,1770,900,780
2023-03-11 02:00:00,2212,73,3169,1069,148,516,277,905,331,127,535,72,41,1229,5779,142,610,249,407,1633,1759,863,742
2023-03-11 03:00:00,2208,78,3171,1055,148,519,295,913,324,131,558,78,45,1339,5713,156,644,252,417,1528,1748,842,731
2023-03-11 04:00:00,2281,89,3349,1085,158,530,332,946,335,145,613,90,52,1628,5667,190,722,276,453,1479,1738,837,749
2023-03-11 05:00:00,2423,104,3688,1157,176,546,384,1001,363,168,697,107,61,2082,5645,241,837,319,511,1489,1729,849,793
2023-03-11 06:00:00,2620,124,4159,1269,202,569,449,1072,407,198,804,126,71,2673,5647,305,982,378,589,1555,1722,876,860
2023-03-11 07:00:00,2856,146,4725,1411,234,595,522,1154,462,233,926,148,81,3367,5674,380,1144,450,679,1669,1717,914,945
2023-03-11 08:00:00,3111,168,5342,1575,270,623,597,1238,525,270,1055,169,91,4120,5724,459,1314,529,776,1822,1716,960,1041
2023-03-11 09:00:00,3367,190,5965,1747,308,651,669,1320,592,308,1181,190,100,4881,5794,538,1480,610,873,2001,1716,1011,1142
2023-03-11 10:00:00,3607,209,6553,1915,344,677,733,1394,657,343,1297,209,107,5598,5879,610,1631,688,964,2191,1719,1062,1240
2023-03-11 11:00:00,3816,224,7065,2066,377,700,786,1455,717,373,1393,223,113,6217,5973,671,1756,757,1042,2381,1725,1112,1329
2023-03-11 12:00:00,3983,235,7472,2189,403,717,823,1501,768,396,1465,234,116,6692,6071,716,1849,813,1103,2558,1733,1158,1403
2023-03-11 13:00:00,4100,241,7751,2276,421,728,842,1529,806,410,1506,239,117,6985,6166,741,1903,851,1143,2712,1742,1197,1459
2023-03-11 14:00:00,4162,240,7885,2321,430,732,843,1539,830,414,1515,239,116,7075,6249,745,1915,870,1159,2836,1753,1227,1491
2023-03-11 15:00:00,4165,235,7871,2322,429,729,825,1531,837,409,1492,234,112,6955,6316,728,1884,867,1151,2922,1764,1247,1499
2023-03-11 16:00:00,4110,224,7710,2281,419,718,790,1505,827,394,1438,224,106,6637,6362,692,1813,844,1118,2967,1774,1256,1482
2023-03-11 17:00:00,3999,209,7413,2201,399,701,741,1462,801,371,1357,209,99,6149,6383,639,1706,802,1064,2966,1784,1251,1442
2023-03-11 18:00:00,3838,191,7000,2090,373,679,680,1406,761,341,1256,191,90,5530,6379,574,1571,744,991,2920,1791,1234,1381
2023-03-11 19:00:00,3636,171,6496,1955,341,654,612,1338,710,308,1141,170,80,4829,6349,501,1417,675,906,2831,1796,1205,1303
2023-03-11 20:00:00,3406,150,5933,1806,306,626,542,1263,650,272,1019,149,71,4098,6297,426,1255,599,814,2702,1799,1165,1214
2023-03-11 21:00:00,3162,130,5350,1653,270,599,475,1185,586,238,901,129,62,3388,6226,354,1096,522,721,2543,1798,1116,1119
2023-03-11 22:00:00,2923,112,4785,1505,237,574,414,1111,523,206,792,111,54,2747,6143,289,951,448,634,2363,1794,1063,1026
2023-03-11 23:00:00,2704,98,4279,1371,207,552,364,1045,465,179,701,96,48,2214,6052,236,831,384,558,2175,1788,1009,939
2023-03-12 00:00:00,2524,88,3867,1260,184,536,329,992,417,158,634,86,45,1821,5961,198,743,333,500,1992,1779,959,866
2023-03-12 01:00:00,2395,82,3580,1178,168,526,311,958,380,146,595,81,44,1589,5875,177,693,299,463,1829,1769,917,812
2023-03-12 02:00:00,2329,82,3439,1132,160,522,310,945,358,142,587,82,46,1528,5800,173,685,283,449,1699,1759,885,780
2023-03-12 03:00:00,2330,87,3453,1124,161,526,327,954,353,147,609,88,50,1640,5740,188,718,286,459,1610,1748,867,773
2023-03-12 04:00:00,2396,97,3620,1156,170,537,361,983,364,160,661,98,56,1917,5700,220,789,309,492,1570,1739,863,790
2023-03-12 05:00:00,2522,112,3927,1225,188,553,408,1032,390,181,739,113,63,2342,5682,267,894,348,546,1580,1730,874,831
2023-03-12 06:00:00,2696,129,4348,1327,213,574,467,1094,429,209,836,131,72,2886,5686,326,1024,403,616,1638,1724,897,892
2023-03-12 07:00:00,2905,148,4853,1456,243,599,531,1165,479,240,946,150,81,3517,5712,394,1169,467,697,1740,1720,930,969
2023-03-12 08:00:00,3132,168,5403,1601,276,625,598,1240,536,274,1062,169,90,4192,5759,464,1321,538,784,1875,1718,971,1055
2023-03-12 09:00:00,3361,187,5958,1753,310,651,662,1313,595,307,1175,188,98,4867,5823,534,1469,611,871,2034,1719,1017,1146
2023-03-12 10:00:00,3576,204,6482,1900,342,676,719,1379,654,338,1278,204,105,5494,5900,597,1602,680,951,2205,1722,1064,1234
2023-03-12 11:00:00,3765,218,6939,2033,371,696,765,1435,707,364,1363,217,110,6029,5985,650,1713,741,1021,2375,1728,1109,1314
2023-03-12 12:00:00,3916,227,7300,2140,395,712,797,1476,752,384,1425,227,112,6433,6073,688,1793,789,1074,2535,1735,1150,1380
2023-03-12 13:00:00,4020,232,7544,2215,410,722,813,1502,785,395,1461,231,113,6676,6156,709,1839,822,1108,2674,1744,1185,1428
2023-03-12 14:00:00,4073,231,7658,2254,418,725,813,1510,805,399,1467,231,112,6741,6229,711,1846,837,1121,2785,1754,1212,1456
2023-03-12 15:00:00,4071,226,7635,2254,416,721,796,1501,810,393,1443,225,108,6624,6288,695,1816,833,1111,2861,1764,1228,1462
2023-03-12 16:00:00,4016,216,7479,2216,406,710,764,1476,800,379,1393,216,103,6336,6327,662,1749,812,1080,2897,1774,1234,1445
2023-03-12 17:00:00,3910,203,7202,2144,388,694,719,1436,776,359,1319,202,96,5899,6344,615,1651,773,1030,2892,1782,1228,1407
2023-03-12 18:00:00,3759,186,6820,2043,363,674,664,1383,739,332,1227,186,88,5349,6339,557,1529,721,965,2845,1789,1211,1350
2023-03-12 19:00:00,3574,168,6361,1921,334,650,603,1321,692,302,1122,168,79,4726,6311,492,1391,659,888,2760,1793,1183,1279
2023-03-12 20:00:00,3366,150,5854,1787,302,624,541,1253,639,271,1013,149,71,4076,6264,425,1247,591,805,2641,1795,1146,1198
2023-03-12 21:00:00,3149,132,5333,1649,270,599,481,1184,582,240,907,131,63,3444,6200,360,1106,522,723,2496,1794,1103,1113
2023-03-12 22:00:00,2938,116,4833,1516,240,576,427,1119,526,211,811,115,57,2873,6125,303,979,457,646,2335,1791,1056,1029
2023-03-12 23:00:00,2748,104,4390,1397,213,557,384,1062,475,187,731,102,52,2399,6044,256,874,401,580,2169,1785,1010,953
2023-03-13 00:00:00,2593,95,4034,1299,192,542,354,1018,433,170,672,94,49,2051,5962,222,798,356,529,2010,1777,967,889
2023-03-13 01:00:00,2485,90,3791,1228,178,533,338,989,401,159,639,90,48,1849,5885,204,757,326,498,1869,1768,931,842
2023-03-13 02:00:00,2431,91,3677,1190,172,531,339,979,383,156,634,90,50,1804,5819,202,752,313,487,1756,1758,904,816
2023-03-13 03:00:00,2435,96,3700,1187,173,535,355,988,379,161,657,96,53,1917,5766,217,783,317,497,1681,1749,889,811
2023-03-13 04:00:00,2496,105,3857,1219,183,545,386,1015,390,174,705,106,59,2178,5731,247,849,338,528,1648,1740,886,828
2023-03-13 05:00:00,2609,118,4136,1283,200,560,429,1058,414,193,776,119,66,2570,5716,290,943,375,577,1659,1732,895,866
2023-03-13 06:00:00,2764,134,4515,1377,223,580,482,1113,449,218,864,135,73,3068,5721,344,1060,424,640,1712,1726,916,921
2023-03-13 07:00:00,2950,151,4966,1493,250,603,540,1176,494,246,964,152,81,3638,5746,404,1191,483,713,1802,1723,945,990
2023-03-13 08:00:00,3152,168,5456,1623,280,627,599,1243,545,276,1068,169,89,4243,5790,468,1326,546,790,1923,1721,982,1068
2023-03-13 09:00:00,3357,185,5951,1757,311,651,655,1308,598,305,1168,186,96,4841,5849,529,1458,611,868,2065,1722,1023,1149
2023-03-13 10:00:00,3550,200,6417,1887,340,673,706,1367,650,333,1259,200,102,5392,5919,585,1576,672,939,2218,1725,1065,1228
2023-03-13 11:00:00,3719,212,6822,2003,366,692,746,1416,697,355,1334,212,107,5857,5995,630,1673,725,1000,2371,1731,1106,1299
2023-03-13 12:00:00,3853,220,7141,2096,386,705,774,1453,737,372,1388,220,109,6202,6073,663,1743,767,1047,2514,1738,1143,1357
2023-03-13 13:00:00,3945,224,7353,2162,400,714,787,1476,766,382,1418,224,110,6405,6146,681,1781,796,1076,2639,1746,1174,1400
2023-03-13 14:00:00,3989,223,7448,2194,406,716,786,1483,782,385,1422,223,108,6451,6211,682,1785,808,1086,2737,1755,1197,1424
2023-03-13 15:00:00,3984,218,7419,2193,404,712,770,1474,786,379,1399,218,105,6337,6261,667,1755,804,1076,2803,1765,1211,1427
2023-03-13 16:00:00,3930,209,7270,2158,394,702,740,1450,776,367,1352,209,100,6073,6295,637,1693,783,1047,2832,1773,1215,1410
2023-03-13 17:00:00,3830,197,7013,2092,377,687,699,1412,753,348,1285,196,94,5681,6309,594,1604,748,1001,2824,1781,1208,1375
2023-03-13 18:00:00,3691,182,6664,2001,355,668,650,1363,720,324,1201,182,86,5189,6303,541,1494,701,941,2778,1787,1191,1323
2023-03-13 19:00:00,3523,166,6247,1891,328,646,595,1307,678,297,1107,165,79,4634,6277,483,1370,645,872,2699,1790,1166,1258
2023-03-13 20:00:00,3336,150,5791,1770,299,623,540,1246,629,269,1009,149,71,4055,6234,424,1242,584,799,2590,1792,1132,1185
2023-03-13 21:00:00,3142,134,5326,1646,270,600,487,1185,579,241,914,133,65,3494,6177,367,1117,523,725,2458,1791,1093,1109
2023-03-13 22:00:00,2956,120,4884,1528,243,579,439,1127,530,216,829,119,59,2987,6110,315,1005,466,658,2314,1787,1052,1034
2023-03-13 23:00:00,2790,109,4496,1422,219,562,402,1078,485,195,758,108,55,2567,6037,274,913,416,600,2167,1782,1012,967
2023-03-14 00:00:00,2657,101,4188,1336,201,549,376,1040,448,180,708,101,52,2261,5964,245,848,377,556,2027,1775,974,911
2023-03-14 01:00:00,2564,98,3980,1275,189,541,363,1017,420,171,680,97,52,2088,5896,229,813,351,529,1904,1766,943,870
2023-03-14 02:00:00,2520,98,3889,1243,183,539,365,1009,405,169,677,98,53,2057,5836,229,811,340,520,1808,1758,920,848
2023-03-14 03:00:00,2527,103,3918,1243,185,543,380,1018,402,174,699,103,56,2167,5790,243,841,345,531,1744,1749,908,845
2023-03-14 04:00:00,2584,112,4065,1274,195,553,409,1043,412,186,744,112,61,2411,5760,271,901,365,559,1717,1741,906,862
2023-03-14 05:00:00,2686,123,4319,1335,210,567,448,1081,435,203,809,124,68,2771,5747,310,987,398,604,1728,1734,914,897
2023-03-14 06:00:00,2825,137,4660,1420,231,586,495,1130,467,226,889,138,74,3224,5754,359,1092,443,661,1777,1729,932,947
2023-03-14 07:00:00,2991,153,5064,1524,256,607,546,1186,507,251,978,154,82,3738,5777,413,1209,496,726,1858,1725,959,1009
2023-03-14 08:00:00,3171,168,5502,1640,284,629,599,1245,553,278,1071,169,89,4278,5818,470,1330,553,796,1967,1724,992,1079
2023-03-14 09:00:00,3354,183,5942,1759,311,650,649,1303,600,304,1161,184,95,4809,5871,524,1446,610,864,2094,1725,1028,1152
2023-03-14 10:00:00,3526,196,6356,1874,337,670,693,1356,647,328,1241,197,100,5294,5934,573,1551,664,928,2230,1729,1066,1222
2023-03-14 11:00:00,3676,207,6714,1976,360,687,729,1400,688,348,1307,207,104,5699,6003,613,1636,711,982,2367,1734,1103,1285
2023-03-14 12:00:00,3795,214,6995,2057,378,699,753,1433,723,362,1354,214,106,5996,6072,641,1696,748,1022,2495,1740,1136,1336
2023-03-14 13:00:00,3875,217,7179,2114,389,706,764,1452,748,371,1379,217,107,6165,6137,655,1728,772,1047,2605,1748,1163,1373
2023-03-14 14:00:00,3912,216,7256,2141,394,707,762,1457,762,372,1381,216,105,6195,6194,656,1730,782,1054,2692,1756,1183,1394
2023-03-14 15:00:00,3904,212,7223,2138,392,703,746,1448,764,367,1359,211,102,6085,6238,641,1701,777,1044,2749,1765,1195,1395
2023-03-14 16:00:00,3852,203,7083,2106,383,694,719,1426,755,356,1316,203,97,5844,6266,614,1644,758,1017,2773,1772,1198,1379
2023-03-14 17:00:00,3759,192,6845,2046,367,680,682,1391,734,339,1254,191,92,5490,6278,575,1563,726,975,2763,1779,1191,1346
2023-03-14 18:00:00,3632,179,6527,1964,347,662,638,1347,703,317,1178,178,85,5049,6271,528,1463,683,921,2719,1784,1175,1299
2023-03-14 19:00:00,3480,164,6151,1865,323,642,589,1295,665,293,1093,164,78,4554,6247,476,1353,633,859,2645,1787,1151,1240
2023-03-14 20:00:00,3311,150,5741,1756,297,621,539,1241,622,268,1006,149,72,4038,6208,423,1238,579,794,2545,1788,1121,1174
2023-03-14 21:00:00,3139,136,5327,1645,271,601,492,1186,577,243,922,135,66,3539,6157,372,1128,524,729,2427,1787,1086,1106
2023-03-14 22:00:00,2975,123,4936,1539,246,582,451,1136,533,221,846,123,61,3090,6096,327,1029,473,669,2298,1784,1050,1040
2023-03-14 23:00:00,2829,114,4595,1445,225,567,418,1093,494,203,784,113,57,2720,6031,290,949,429,618,2168,1779,1014,980
2023-03-15 00:00:00,2714,107,4327,1370,209,555,395,1061,461,189,741,107,55,2453,5966,265,893,395,580,2044,1773,981,931
2023-03-15 01:00:00,2635,104,4151,1318,198,549,385,1041,437,181,718,104,55,2305,5905,252,863,373,557,1937,1765,954,896
2023-03-15 02:00:00,2599,105,4077,1292,194,548,387,1035,424,180,717,105,56,2285,5853,253,863,365,550,1853,1757,935,877
2023-03-15 03:00:00,2608,110,4111,1294,197,552,402,1044,423,185,738,110,59,2392,5812,266,892,370,561,1799,1749,924,876
2023-03-15 04:00:00,2661,117,4249,1324,205,561,428,1067,433,196,779,118,64,2619,5786,292,947,388,587,1777,1742,923,892
2023-03-15 05:00:00,2754,128,4480,1380,220,574,464,1102,453,212,838,129,69,2948,5776,328,1025,419,628,1789,1736,931,924
2023-03-15 06:00:00,2879,141,4788,1457,239,591,506,1145,482,232,911,141,75,3358,5783,372,1119,459,679,1834,1731,947,970
2023-03-15 07:00:00,3027,154,5150,1551,262,610,552,1195,519,255,991,155,82,3820,5805,421,1224,507,738,1908,1728,971,1026
2023-03-15 08:00:00,3188,168,5541,1654,286,630,599,1248,560,279,1074,169,88,4303,5842,471,1332,558,800,2005,1727,1000,1089
2023-03-15 09:00:00,3351,182,5933,1761,311,649,643,1299,602,302,1153,182,94,4774,5891,519,1436,609,861,2119,1729,1033,1154
2023-03-15 10:00:00,3504,193,6299,1862,334,667,682,1346,643,323,1224,193,98,5201,5948,562,1528,657,917,2241,1732,1067,1216
2023-03-15 11:00:00,3637,202,6616,1951,354,681,713,1385,680,341,1282,202,102,5554,6009,597,1602,698,964,2363,1736,1100,1272
2023-03-15 12:00:00,3742,208,6861,2022,370,692,734,1414,710,353,1323,208,103,5810,6071,621,1655,730,1000,2477,1742,1129,1317
2023-03-15 13:00:00,3811,211,7020,2071,380,698,743,1431,732,360,1344,211,104,5952,6128,633,1681,751,1021,2575,1749,1153,1349
2023-03-15 14:00:00,3842,210,7083,2094,383,699,740,1435,744,361,1344,209,102,5970,6178,632,1681,759,1026,2650,1757,1171,1366
2023-03-15 15:00:00,3832,205,7047,2090,381,695,726,1426,745,356,1323,205,99,5864,6216,619,1653,753,1016,2700,1764,1181,1367
2023-03-15 16:00:00,3783,198,6915,2059,372,686,701,1404,736,346,1283,197,95,5642,6241,594,1600,735,991,2719,1771,1182,1351
2023-03-15 17:00:00,3697,188,6696,2005,358,673,667,1373,716,330,1227,187,90,5322,6250,559,1527,706,953,2707,1777,1175,1320
2023-03-15 18:00:00,3581,176,6408,1930,340,657,627,1332,688,311,1158,175,84,4927,6243,517,1437,668,904,2666,1782,1160,1277
2023-03-15 19:00:00,3443,163,6068,1841,318,639,584,1286,654,289,1082,162,78,4484,6221,470,1338,622,848,2598,1784,1138,1224
2023-03-15 20:00:00,3292,150,5702,1744,295,620,540,1237,615,267,1004,149,72,4025,6185,423,1236,574,790,2507,1785,1111,1165
2023-03-15 21:00:00,3139,137,5333,1645,271,602,498,1189,575,245,929,137,67,3582,6138,378,1138,526,732,2401,1784,1080,1104
2023-03-15 22:00:00,2993,127,4987,1551,250,585,461,1144,537,225,862,126,63,3185,6084,338,1052,481,679,2286,1781,1048,1045
2023-03-15 23:00:00,2866,118,4688,1468,231,572,433,1107,502,209,808,118,60,2859,6026,306,981,442,634,2170,1776,1016,992
2023-03-16 00:00:00,2765,113,4455,1402,217,562,413,1079,473,198,770,112,58,2626,5968,284,933,412,601,2061,1771,988,950
2023-03-16 01:00:00,2698,110,4304,1356,208,556,405,1062,453,191,751,110,58,2501,5914,273,908,393,582,1967,1764,964,919
2023-03-16 02:00:00,2669,111,4245,1335,204,555,408,1058,442,190,752,111,59,2491,5868,274,910,386,577,1894,1757,948,904
2023-03-16 03:00:00,2680,115,4282,1339,207,559,422,1067,441,195,772,115,62,2594,5832,287,937,392,587,1848,1750,939,904
2023-03-16 04:00:00,2729,122,4411,1368,215,568,445,1088,451,205,811,123,66,2803,5810,311,988,409,612,1830,1743,938,919
2023-03-16 05:00:00,2813,132,4622,1419,229,580,477,1119,469,220,864,133,71,3104,5802,344,1058,437,649,1843,1738,945,949
2023-03-16 06:00:00,2926,143,4899,1489,246,596,515,1159,496,238,929,144,76,3474,5809,383,1143,474,695,1884,1734,960,990
2023-03-16 07:00:00,3059,156,5224,1574,267,613,557,1203,529,258,1001,156,82,3889,5830,427,1237,516,748,1951,1731,982,1041
2023-03-16 08:00:00,3203,168,5573,1666,289,631,598,1250,565,280,1075,169,88,4320,5864,472,1333,562,803,2039,1730,1008,1097
2023-03-16 09:00:00,3347,180,5921,1761,311,648,638,1296,603,300,1146,180,93,4738,5908,514,1425,607,857,2141,1732,1037,1155
2023-03-16 10:00:00,3483,190,6246,1850,331,664,672,1337,639,319,1209,190,97,5114,5959,552,1506,650,907,2250,1734,1068,1210
2023-03-16 11:00:00,3601,198,6525,1929,349,677,699,1371,672,334,1259,198,99,5423,6014,582,1572,686,949,2359,1739,1097,1259
2023-03-16 12:00:00,3693,203,6740,1991,362,686,717,1396,699,345,1294,203,101,5643,6069,603,1617,714,979,2460,1744,1123,1299
2023-03-16 13:00:00,3753,205,6877,2033,371,691,724,1411,718,351,1312,205,101,5762,6120,613,1639,732,997,2546,1751,1144,1327
2023-03-16 14:00:00,3778,204,6927,2052,374,692,721,1414,727,352,1310,204,100,5770,6163,612,1637,738,1001,2613,1757,1159,1341
2023-03-16 15:00:00,3767,200,6889,2047,371,688,708,1405,728,347,1290,200,97,5668,6197,599,1610,732,991,2655,1764,1168,1341
2023-03-16 16:00:00,3720,193,6765,2018,363,679,685,1385,719,337,1254,193,93,5465,6218,576,1562,716,968,2670,1770,1168,1326
2023-03-16 17:00:00,3641,184,6565,1968,350,668,654,1356,701,323,1203,183,89,5175,6225,544,1495,689,933,2658,1775,1162,1298
2023-03-16 18:00:00,3536,173,6304,1901,333,653,619,1320,676,306,1141,173,83,4820,6218,507,1415,654,889,2619,1779,1148,1258
2023-03-16 19:00:00,3412,162,5998,1821,314,637,580,1278,645,286,1073,161,78,4424,6197,465,1326,614,839,2556,1782,1128,1210
2023-03-16 20:00:00,3277,150,5670,1734,293,620,540,1234,610,266,1003,149,73,4016,6165,423,1235,570,787,2474,1782,1103,1157
2023-03-16 21:00:00,3140,139,5342,1645,272,603,503,1191,574,247,937,138,68,3623,6123,383,1149,527,735,2379,1781,1075,1103
2023-03-16 22:00:00,3011,130,5036,1562,253,589,471,1152,540,230,878,129,64,3271,6074,347,1072,488,689,2276,1778,1047,1050
2023-03-16 23:00:00,2900,122,4773,1489,236,576,446,1119,509,215,830,122,62,2985,6022,319,1011,454,650,2173,1774,1019,1004
2023-03-17 00:00:00,2812,117,4570,1431,224,568,429,1095,484,205,798,117,60,2783,5970,300,969,428,621,2077,1769,994,967
2023-03-17 01:00:00,2755,115,4442,1392,216,563,423,1081,467,200,782,115,60,2678,5922,291,949,411,604,1994,1763,973,940
2023-03-17 02:00:00,2731,116,4396,1374,213,563,426,1079,458,199,784,116,61,2675,5882,293,952,406,601,1931,1756,959,928
2023-03-17 03:00:00,2743,120,4434,1380,216,567,439,1087,458,204,803,121,64,2774,5851,305,977,412,611,1892,1750,951,928
2023-03-17 04:00:00,2789,127,4554,1407,224,575,461,1107,466,213,838,127,68,2967,5832,327,1024,428,634,1878,1744,951,943
2023-03-17 05:00:00,2866,136,4746,1454,236,586,490,1135,484,227,887,136,72,3240,5825,357,1088,453,667,1891,1739,958,970
2023-03-17 06:00:00,2967,146,4997,1518,252,600,524,1170,508,243,945,146,77,3575,5833,393,1164,486,709,1929,1736,972,1008
2023-03-17 07:00:00,3087,157,5288,1593,271,615,561,1210,537,261,1010,157,82,3947,5852,432,1248,524,756,1990,1734,991,1054
2023-03-17 08:00:00,3215,168,5599,1676,290,631,598,1252,570,280,1076,168,87,4331,5883,472,1334,565,806,2069,1733,1015,1104
2023-03-17 09:00:00,3344,178,5909,1760,310,647,632,1292,604,299,1138,179,91,4702,5923,510,1415,606,854,2160,1734,1041,1155
2023-03-17 10:00:00,3464,187,6197,1839,328,661,663,1329,636,315,1194,187,95,5033,5969,543,1487,643,898,2258,1737,1068,1204
2023-03-17 11:00:00,3568,194,6442,1908,344,672,686,1359,665,328,1238,194,97,5303,6018,569,1544,675,934,2354,1741,1094,1248
2023-03-17 12:00:00,3649,199,6630,1963,355,680,701,1381,688,338,1268,198,99,5493,6067,587,1583,699,961,2444,1746,1117,1283
2023-03-17 13:00:00,3701,200,6747,1999,363,684,707,1393,704,343,1283,200,99,5592,6112,595,1601,714,976,2520,1752,1136,1307
2023-03-17 14:00:00,3721,199,6787,2014,365,684,704,1395,713,343,1280,199,97,5592,6150,593,1597,719,979,2578,1758,1149,1319
2023-03-17 15:00:00,3709,195,6747,2008,362,681,691,1387,712,338,1262,195,95,5495,6179,581,1573,714,969,2614,1764,1156,1317
2023-03-17 16:00:00,3665,189,6632,1982,355,673,671,1368,704,329,1228,188,92,5309,6197,560,1528,698,947,2627,1769,1156,1303
2023-03-17 17:00:00,3593,181,6450,1936,343,662,643,1342,687,317,1182,180,87,5047,6202,532,1468,674,916,2614,1774,1149,1277
2023-03-17 18:00:00,3497,171,6213,1875,328,649,611,1309,664,301,1126,170,83,4728,6195,498,1395,642,876,2578,1777,1137,1241
2023-03-17 19:00:00,3385,161,5938,1803,310,634,576,1271,637,284,1065,160,78,4374,6176,461,1316,606,831,2520,1779,1118,1198
2023-03-17 20:00:00,3264,150,5645,1725,291,619,541,1232,606,266,1003,150,73,4010,6147,423,1235,568,785,2446,1780,1096,1151
2023-03-17 21:00:00,3143,141,5353,1646,273,605,508,1194,574,249,944,140,69,3661,6109,388,1158,529,739,2360,1778,1071,1102
2023-03-17 22:00:00,3029,132,5082,1572,256,592,480,1160,543,233,892,132,66,3351,6065,356,1091,494,698,2268,1776,1046,1056
2023-03-17 23:00:00,2931,126,4851,1508,241,581,458,1131,516,221,850,125,63,3100,6018,332,1037,464,663,2176,1772,1021,1015
2023-03-18 00:00:00,2855,122,4675,1457,230,573,444,1110,494,212,822,121,62,2925,5973,315,1001,442,639,2092,1767,999,982
2023-03-18 01:00:00,2806,120,4565,1424,224,570,438,1099,479,208,809,120,62,2837,5930,308,985,428,625,2019,1762,981,960
2023-03-18 02:00:00,2787,121,4530,1410,222,569,442,1097,472,208,812,121,64,2840,5894,310,989,424,622,1964,1756,969,949
2023-03-18 03:00:00,2800,125,4569,1416,224,573,454,1105,472,212,830,125,66,2934,5868,322,1013,429,632,1931,1750,963,951
2023-03-18 04:00:00,2842,131,4680,1441,232,581,474,1123,481,221,862,131,69,3112,5851,342,1055,444,653,1920,1745,963,964
2023-03-18 05:00:00,2912,139,4855,1484,243,591,500,1148,496,233,907,139,73,3360,5846,369,1113,467,683,1933,1741,970,989
2023-03-18 06:00:00,3004,148,5082,1542,257,603,531,1180,518,247,959,148,78,3661,5853,401,1182,497,721,1969,1738,982,1024
2023-03-18 07:00:00,3111,158,5343,1610,274,617,564,1216,545,264,1017,158,82,3995,5872,436,1257,531,763,2024,1736,1000,1065
2023-03-18 08:00:00,3225,168,5621,1684,292,632,597,1253,574,281,1076,168,87,4338,5900,471,1333,568,807,2095,1736,1021,1110
2023-03-18 09:00:00,3340,177,5896,1759,309,645,628,1289,604,297,1131,177,90,4666,5936,505,1405,604,850,2177,1737,1044,1155
2023-03-18 10:00:00,3447,185,6151,1829,325,658,654,1321,633,311,1180,185,94,4958,5977,534,1469,637,889,2264,1739,1068,1199
2023-03-18 11:00:00,3538,191,6367,1890,339,668,675,1348,658,323,1219,191,96,5194,6021,557,1519,665,921,2350,1743,1091,1237
2023-03-18 12:00:00,3609,194,6530,1937,349,675,688,1367,678,331,1245,194,97,5358,6064,573,1552,686,944,2429,1748,1112,1268
2023-03-18 13:00:00,3653,196,6630,1968,355,678,692,1377,693,335,1257,196,97,5440,6104,579,1567,699,957,2496,1753,1128,1289
2023-03-18 14:00:00,3670,195,6661,1981,357,678,689,1378,699,335,1254,194,95,5434,6138,577,1563,703,959,2547,1758,1140,1298
2023-03-18 15:00:00,3657,191,6621,1974,354,674,677,1370,699,331,1236,191,93,5343,6163,566,1539,697,949,2578,1763,1145,1296
2023-03-18 16:00:00,3615,185,6514,1949,347,667,658,1353,691,323,1205,185,90,5172,6178,547,1499,683,929,2587,1768,1145,1283
2023-03-18 17:00:00,3549,178,6348,1908,336,658,633,1329,676,311,1163,177,86,4934,6182,521,1444,660,900,2574,1772,1139,1259
2023-03-18 18:00:00,3463,169,6134,1853,323,646,604,1299,655,297,1113,169,82,4647,6175,490,1379,632,865,2541,1775,1127,1227
2023-03-18 19:00:00,3362,160,5887,1788,307,632,573,1266,630,282,1058,159,78,4331,6158,457,1308,600,825,2488,1777,1110,1188
2023-03-18 20:00:00,3254,151,5625,1718,290,619,542,1231,602,266,1003,150,74,4007,6131,424,1236,565,783,2421,1777,1090,1145
2023-03-18 21:00:00,3146,142,5365,1648,274,606,513,1197,574,250,951,141,70,3698,6096,392,1168,531,742,2344,1776,1068,1102
2023-03-18 22:00:00,3045,135,5126,1582,259,594,488,1167,547,237,905,134,67,3424,6057,365,1108,500,706,2262,1774,1045,1061
2023-03-18 23:00:00,2959,129,4923,1525,246,585,469,1142,523,226,869,129,65,3204,6016,343,1062,474,676,2180,1770,1024,1025
2023-03-19 00:00:00,2893,126,4770,1481,236,579,457,1124,504,218,845,125,64,3053,5975,329,1030,454,654,2105,1766,1004,996
2023-03-19 01:00:00,2851,124,4677,1453,231,575,453,1114,490,215,834,124,64,2979,5938,323,1017,442,643,2042,1761,989,977
2023-03-19 02:00:00,2836,126,4649,1441,229,576,456,1113,484,215,837,125,65,2988,5906,326,1022,439,642,1994,1756,978,968
2023-03-19 03:00:00,2849,129,4689,1448,232,579,468,1121,485,219,854,129,68,3077,5883,336,1045,445,651,1966,1751,973,970
2023-03-19 04:00:00,2889,134,4792,1472,239,586,486,1137,493,227,884,135,71,3240,5869,355,1083,459,670,1958,1746,974,983
2023-03-19 05:00:00,2953,141,4952,1511,249,595,509,1160,508,238,924,142,74,3465,5865,379,1136,480,697,1971,1742,980,1006
2023-03-19 06:00:00,3036,150,5156,1563,262,607,537,1189,527,251,971,150,78,3736,5872,408,1197,507,731,2003,1740,991,1037
2023-03-19 07:00:00,3131,158,5390,1625,277,619,566,1221,551,266,1023,159,82,4035,5889,439,1265,537,769,2054,1738,1007,1074
2023-03-19 08:00:00,3234,167,5638,1691,293,632,596,1254,577,281,1075,167,86,4340,5915,471,1332,570,809,2118,1738,1026,1114
2023-03-19 09:00:00,3336,175,5883,1757,308,644,623,1286,604,295,1124,175,89,4632,5947,501,1396,602,847,2191,1739,1047,1155
2023-03-19 10:00:00,3430,182,6108,1819,322,655,646,1314,630,308,1167,182,92,4889,5984,526,1452,631,881,2269,1741,1069,1194
2023-03-19 11:00:00,3511,187,6298,1872,334,664,664,1338,652,318,1201,187,94,5095,6024,547,1496,656,909,2345,1745,1089,1228
2023-03-19 12:00:00,3572,191,6440,1914,343,670,675,1354,670,325,1224,191,95,5237,6062,560,1524,674,929,2416,1749,1107,1254
2023-03-19 13:00:00,3610,192,6525,1940,349,673,679,1363,682,329,1233,192,95,5304,6097,565,1537,685,940,2475,1754,1121,1272
2023-03-19 14:00:00,3623,191,6549,1951,350,672,675,1363,688,328,1230,190,94,5294,6127,562,1531,688,941,2519,1758,1131,1280
2023-03-19 15:00:00,3610,187,6509,1944,347,669,665,1356,687,324,1213,187,92,5207,6149,552,1510,682,931,2545,1763,1136,1278
2023-03-19 16:00:00,3572,182,6410,1920,341,662,647,1340,679,317,1185,182,89,5051,6162,534,1472,669,913,2552,1767,1135,1265
2023-03-19 17:00:00,3511,175,6258,1883,331,653,625,1318,665,306,1147,175,85,4836,6165,511,1423,649,887,2539,1771,1129,1243
2023-03-19 18:00:00,3433,168,6065,1833,318,643,599,1291,646,294,1102,167,82,4578,6158,484,1364,623,855,2508,1773,1118,1214
2023-03-19 19:00:00,3343,159,5843,1775,304,631,571,1261,624,280,1053,159,78,4295,6141,454,1301,594,819,2460,1775,1103,1179
2023-03-19 20:00:00,3246,151,5609,1712,289,619,543,1230,599,266,1004,150,74,4006,6117,424,1237,563,782,2399,1775,1085,1141
2023-03-19 21:00:00,3150,143,5378,1650,275,607,518,1200,574,252,957,143,71,3732,6086,396,1177,533,746,2330,1774,1066,1102
2023-03-19 22:00:00,3061,137,5167,1592,261,597,496,1173,550,240,917,136,68,3491,6051,372,1124,506,714,2257,1772,1045,1066
2023-03-19 23:00:00,2985,132,4989,1542,250,589,479,1151,529,231,885,132,67,3299,6014,353,1084,483,687,2185,1769,1026,1034
2023-03-20 00:00:00,2928,129,4856,1503,242,583,469,1136,512,224,865,129,66,3168,5977,341,1057,465,669,2118,1765,1009,1009
2023-03-20 01:00:00,2892,128,4776,1479,237,581,465,1127,501,221,856,128,66,3107,5944,336,1046,455,659,2063,1760,995,993
2023-03-20 02:00:00,2880,129,4756,1470,236,581,469,1127,495,221,860,129,67,3119,5917,339,1051,453,659,2022,1756,986,985
2023-03-20 03:00:00,2894,132,4795,1476,239,584,480,1135,497,225,876,132,69,3204,5896,349,1072,459,667,1997,1751,982,988
2023-03-20 04:00:00,2931,137,4891,1499,245,591,496,1150,504,233,903,138,72,3353,5885,366,1108,472,685,1991,1747,983,1000
2023-03-20 05:00:00,2989,144,5036,1535,254,599,517,1171,517,242,939,144,75,3557,5882,388,1155,491,710,2004,1744,989,1021
2023-03-20 06:00:00,3063,151,5220,1582,266,609,542,1196,535,254,982,151,79,3801,5889,414,1211,515,740,2034,1741,999,1049
2023-03-20 07:00:00,3149,159,5430,1637,279,620,568,1225,557,268,1028,159,82,4068,5905,442,1271,543,774,2080,1740,1014,1082
2023-03-20 08:00:00,3241,167,5651,1696,294,632,594,1254,580,281,1074,167,86,4340,5928,470,1331,572,810,2138,1740,1031,1118
2023-03-20 09:00:00,3331,174,5869,1755,307,643,619,1283,604,294,1118,174,89,4599,5957,497,1388,600,843,2204,1741,1050,1155
2023-03-20 10:00:00,3415,180,6068,1810,320,652,639,1308,627,305,1156,180,91,4825,5991,519,1437,626,874,2273,1743,1069,1189
2023-03-20 11:00:00,3486,185,6235,1857,330,660,655,1328,646,314,1185,185,93,5006,6025,537,1475,648,898,2341,1746,1087,1219
2023-03-20 12:00:00,3539,187,6358,1893,338,665,664,1343,662,320,1205,187,93,5127,6060,548,1500,663,915,2403,1750,1103,1242
2023-03-20 13:00:00,3572,188,6431,1916,343,668,667,1350,672,323,1213,188,93,5183,6091,552,1509,673,924,2455,1754,1115,1258
2023-03-20 14:00:00,3582,187,6448,1924,343,667,663,1350,677,322,1208,187,92,5169,6117,550,1504,675,925,2493,1759,1124,1264
2023-03-20 15:00:00,3568,184,6409,1917,341,664,653,1343,676,318,1193,184,90,5087,6136,540,1483,669,916,2516,1763,1128,1261
2023-03-20 16:00:00,3533,179,6317,1895,335,658,638,1328,668,311,1167,179,88,4944,6147,524,1449,657,899,2521,1766,1127,1249
2023-03-20 17:00:00,3478,173,6179,1860,326,650,617,1308,656,302,1133,173,85,4750,6149,503,1404,638,875,2508,1770,1121,1229
2023-03-20 18:00:00,3407,166,6004,1815,315,640,594,1284,639,291,1092,166,81,4518,6142,478,1352,615,846,2479,1772,1111,1203
2023-03-20 19:00:00,3326,159,5806,1763,302,630,569,1257,618,278,1049,158,78,4265,6127,452,1295,589,814,2436,1773,1097,1171
2023-03-20 20:00:00,3240,151,5597,1708,289,619,544,1229,596,266,1005,151,75,4008,6105,425,1238,562,781,2381,1773,1081,1137
2023-03-20 21:00:00,3154,145,5392,1652,276,609,522,1203,574,254,964,144,72,3765,6077,400,1185,535,749,2319,1772,1063,1103
2023-03-20 22:00:00,3076,139,5205,1601,264,600,503,1179,553,243,928,139,70,3552,6045,379,1139,511,721,2253,1770,1045,1071
2023-03-20 23:00:00,3009,135,5049,1557,254,592,488,1160,534,235,901,134,68,3384,6012,363,1103,491,698,2189,1767,1028,1043
2023-03-21 00:00:00,2959,132,4933,1523,247,588,479,1146,519,229,883,132,67,3271,5980,352,1080,476,682,2131,1764,1013,1021
2023-03-21 01:00:00,2929,131,4866,1502,243,585,477,1140,510,226,876,131,68,3221,5951,348,1072,467,674,2082,1760,1001,1007
2023-03-21 02:00:00,2920,133,4851,1495,242,586,480,1140,505,227,880,133,69,3237,5926,351,1077,466,674,2046,1755,994,1001
2023-03-21 03:00:00,2933,136,4890,1502,245,589,490,1147,507,231,895,136,70,3316,5909,361,1097,471,682,2025,1751,990,1004
2023-03-21 04:00:00,2967,140,4978,1523,250,595,505,1161,514,237,920,140,73,3453,5899,376,1130,483,698,2021,1748,991,1015
2023-03-21 05:00:00,3020,146,5110,1556,259,602,524,1180,526,246,952,146,76,3638,5897,396,1172,500,721,2033,1745,997,1034
2023-03-21 06:00:00,3087,153,5276,1598,270,612,547,1203,542,257,991,153,79,3857,5904,419,1222,522,748,2061,1743,1006,1060
2023-03-21 07:00:00,3165,160,5464,1648,282,622,570,1229,562,269,1032,160,82,4096,5918,444,1276,547,779,2103,1742,1019,1089
2023-03-21 08:00:00,3246,166,5662,1700,294,632,593,1255,583,281,1073,167,85,4338,5939,469,1329,573,810,2155,1742,1035,1122
2023-03-21 09:00:00,3327,173,5855,1753,306,642,615,1280,604,292,1112,173,88,4567,5966,493,1380,598,840,2214,1743,1051,1154
2023-03-21 10:00:00,3401,178,6031,1801,317,650,633,1302,624,302,1145,178,90,4767,5996,513,1423,621,867,2276,1745,1068,1184
2023-03-21 11:00:00,3463,182,6177,1843,327,657,646,1320,641,310,1171,182,91,4924,6027,528,1456,640,888,2336,1748,1084,1211
2023-03-21 12:00:00,3509,184,6285,1874,333,661,654,1332,655,315,1188,184,92,5029,6057,538,1477,654,903,2391,1751,1098,1231
2023-03-21 13:00:00,3537,185,6346,1893,337,663,656,1339,664,317,1194,185,92,5074,6085,541,1485,662,911,2437,1755,1109,1244
2023-03-21 14:00:00,3545,184,6358,1900,338,663,653,1338,668,317,1190,184,91,5058,6107,538,1479,663,910,2470,1759,1117,1249
2023-03-21 15:00:00,3531,181,6320,1892,335,659,643,1331,666,313,1175,181,89,4981,6124,529,1460,658,902,2489,1762,1120,1246
2023-03-21 16:00:00,3499,177,6235,1872,330,654,629,1318,659,307,1151,176,87,4850,6133,514,1429,646,887,2492,1766,1119,1235
2023-03-21 17:00:00,3448,171,6110,1841,321,647,611,1300,648,298,1120,171,84,4674,6134,495,1388,629,865,2480,1768,1113,1217
2023-03-21 18:00:00,3385,165,5952,1800,311,638,590,1278,632,288,1084,164,81,4466,6128,473,1341,609,839,2453,1770,1104,1193
2023-03-21 19:00:00,3312,158,5774,1754,300,628,568,1254,614,277,1045,158,78,4240,6114,450,1291,585,810,2414,1771,1092,1165
2023-03-21 20:00:00,3235,152,5588,1704,288,619,546,1229,594,266,1006,151,75,4011,6094,426,1240,561,781,2364,1771,1077,1134
2023-03-21 21:00:00,3159,146,5406,1654,277,610,526,1206,574,255,970,145,73,3796,6069,404,1193,537,752,2309,1770,1062,1104
2023-03-21 22:00:00,3089,141,5240,1609,266,602,509,1185,555,246,938,140,71,3609,6040,385,1152,516,727,2250,1768,1046,1075
2023-03-21 23:00:00,3031,137,5103,1570,258,596,496,1168,539,238,914,137,69,3462,6011,371,1121,498,707,2193,1766,1030,1051
2023-03-22 00:00:00,2987,135,5003,1541,251,591,489,1156,526,234,899,135,69,3365,5982,362,1102,485,693,2142,1763,1017,1032
2023-03-22 01:00:00,2961,134,4946,1523,248,590,487,1151,518,231,893,134,69,3324,5957,359,1095,478,687,2099,1759,1007,1019
2023-03-22 02:00:00,2955,136,4936,1517,247,590,490,1151,514,232,898,136,70,3342,5935,362,1101,477,687,2068,1755,1000,1015
2023-03-22 03:00:00,2968,138,4974,1525,250,593,499,1158,516,236,912,138,72,3416,5920,371,1119,482,695,2050,1752,997,1018
2023-03-22 04:00:00,3000,143,5056,1544,255,598,513,1171,523,242,934,143,74,3541,5911,385,1149,493,710,2048,1749,998,1028
2023-03-22 05:00:00,3048,148,5175,1574,263,605,531,1188,534,250,964,148,76,3708,5910,403,1187,509,731,2060,1746,1004,1046
2023-03-22 06:00:00,3108,154,5325,1612,273,614,550,1209,549,260,998,154,79,3905,5917,424,1232,529,755,2086,1744,1012,1069
2023-03-22 07:00:00,3178,160,5494,1657,283,623,571,1232,566,270,1035,160,82,4119,5930,446,1280,551,782,2123,1744,1024,1096
2023-03-22 08:00:00,3250,166,5670,1704,295,632,592,1255,585,281,1072,166,85,4335,5949,468,1328,574,810,2170,1744,1038,1124
2023-03-22 09:00:00,3322,172,5841,1750,305,640,611,1277,603,291,1106,172,87,4537,5973,489,1372,596,837,2223,1745,1053,1153
2023-03-22 10:00:00,3387,176,5996,1793,315,648,627,1297,621,299,1136,176,89,4713,6000,507,1410,616,860,2278,1746,1068,1180
2023-03-22 11:00:00,3442,180,6125,1830,323,654,638,1312,636,306,1158,180,90,4850,6028,520,1439,633,879,2332,1749,1082,1203
2023-03-22 12:00:00,3483,182,6218,1857,329,657,645,1323,648,311,1172,182,91,4940,6055,528,1457,645,892,2380,1752,1095,1221
2023-03-22 13:00:00,3506,182,6270,1874,332,659,647,1328,656,313,1177,182,90,4977,6079,531,1463,652,898,2420,1755,1104,1232
2023-03-22 14:00:00,3512,181,6278,1878,333,658,643,1327,659,312,1173,181,89,4959,6099,528,1457,652,898,2449,1759,1111,1236
2023-03-22 15:00:00,3499,178,6241,1871,330,655,635,1321,657,308,1159,178,88,4887,6113,519,1439,647,890,2465,1762,1113,1233
2023-03-22 16:00:00,3468,174,6163,1852,325,650,622,1309,651,303,1137,174,86,4767,6121,506,1411,637,876,2467,1765,1112,1223
2023-03-22 17:00:00,3422,170,6049,1824,318,644,605,1292,640,295,1109,169,83,4608,6122,489,1374,622,856,2456,1767,1107,1206
2023-03-22 18:00:00,3365,164,5907,1787,309,636,586,1273,626,286,1077,163,81,4421,6115,469,1332,603,833,2431,1769,1098,1184
2023-03-22 19:00:00,3299,158,5747,1745,298,628,566,1251,610,276,1042,157,78,4219,6103,448,1287,582,807,2395,1770,1087,1159
2023-03-22 20:00:00,3231,152,5581,1701,288,619,547,1229,592,266,1007,152,75,4016,6084,427,1242,560,781,2350,1770,1074,1132
2023-03-22 21:00:00,3163,147,5419,1657,278,611,529,1208,574,256,975,147,73,3825,6062,408,1200,539,756,2300,1769,1060,1105
2023-03-22 22:00:00,3102,143,5273,1617,268,604,514,1190,558,248,948,142,72,3660,6036,391,1165,520,733,2248,1767,1046,1079
2023-03-22 23:00:00,3051,139,5153,1583,261,598,503,1175,544,242,927,139,70,3532,6010,379,1137,504,716,2198,1765,1032,1058
2023-03-23 00:00:00,3013,138,5066,1557,255,595,497,1165,532,238,914,137,70,3449,5985,371,1121,493,704,2152,1762,1021,1041
2023-03-23 01:00:00,2991,137,5018,1542,252,593,496,1160,525,236,909,137,70,3416,5962,369,1115,487,698,2115,1759,1012,1031
2023-03-23 02:00:00,2986,138,5012,1538,252,594,499,1161,522,237,914,138,71,3435,5943,372,1121,487,699,2088,1755,1006,1027
2023-03-23 03:00:00,2999,141,5048,1545,255,597,508,1168,524,240,927,141,73,3504,5930,380,1139,492,707,2073,1752,1004,1030
2023-03-23 04:00:00,3029,145,5124,1563,260,602,520,1179,530,246,947,145,75,3619,5923,393,1165,502,720,2072,1749,1005,1040
2023-03-23 05:00:00,3072,149,5233,1590,267,608,536,1195,541,253,974,149,77,3770,5922,409,1200,516,739,2083,1747,1010,1056
2023-03-23 06:00:00,3127,155,5367,1625,275,616,554,1214,554,262,1005,155,80,3947,5929,428,1240,534,761,2107,1746,1018,1077
2023-03-23 07:00:00,3189,160,5518,1665,285,624,572,1234,569,271,1038,160,82,4138,5941,448,1283,554,786,2141,1745,1029,1101
2023-03-23 08:00:00,3254,166,5675,1707,295,632,591,1255,586,281,1071,166,84,4330,5958,467,1326,574,810,2183,1745,1041,1127
2023-03-23 09:00:00,3317,171,5828,1748,305,639,607,1275,603,289,1101,171,87,4509,5980,486,1365,594,834,2231,1746,1054,1152
2023-03-23 10:00:00,3375,175,5965,1786,313,646,621,1292,619,297,1127,175,88,4664,6004,501,1398,612,855,2280,1748,1068,1176
2023-03-23 11:00:00,3423,178,6077,1818,320,651,631,1306,632,303,1146,178,89,4784,6029,513,1423,627,871,2328,1750,1080,1196
2023-03-23 12:00:00,3458,179,6158,1842,325,654,637,1315,642,307,1158,179,90,4861,6052,520,1439,637,882,2370,1753,1091,1212
2023-03-23 13:00:00,3478,180,6202,1856,328,655,638,1319,649,308,1162,179,89,4890,6074,522,1444,643,887,2405,1756,1100,1221
2023-03-23 14:00:00,3482,179,6206,1859,328,655,635,1318,651,308,1158,178,88,4871,6091,519,1438,643,886,2430,1759,1105,1225
2023-03-23 15:00:00,3469,176,6171,1852,326,652,627,1312,650,304,1145,176,87,4804,6104,511,1421,638,879,2444,1762,1107,1221
2023-03-23 16:00:00,3441,173,6099,1835,321,647,615,1301,644,299,1125,172,85,4694,6110,499,1395,628,866,2445,1764,1106,1212
2023-03-23 17:00:00,3400,168,5995,1809,314,641,600,1286,634,292,1100,168,83,4551,6110,483,1362,615,848,2434,1766,1101,1197
2023-03-23 18:00:00,3348,163,5867,1776,306,634,583,1268,621,284,1071,163,80,4383,6104,465,1324,598,827,2411,1768,1093,1177
2023-03-23 19:00:00,3289,158,5724,1738,297,627,566,1249,607,275,1040,157,78,4202,6093,447,1284,579,804,2378,1768,1083,1154
2023-03-23 20:00:00,3228,153,5576,1698,288,619,548,1229,591,266,1009,152,76,4021,6076,428,1244,560,781,2338,1768,1072,1130
2023-03-23 21:00:00,3168,148,5433,1659,278,612,533,1211,575,258,980,148,74,3852,6056,411,1207,541,758,2293,1767,1059,1106
2023-03-23 22:00:00,3114,144,5304,1624,270,606,520,1194,560,251,956,144,72,3707,6033,396,1176,524,739,2247,1766,1046,1083
2023-03-23 23:00:00,3069,141,5198,1594,264,601,510,1182,548,245,938,141,71,3595,6010,386,1152,510,724,2202,1764,1034,1064
2023-03-24 00:00:00,3036,140,5123,1572,259,598,505,1173,538,241,927,140,71,3524,5987,379,1138,501,713,2162,1761,1024,1050
2023-03-24 01:00:00,3017,140,5083,1559,257,597,504,1169,532,240,923,139,71,3498,5967,377,1134,496,709,2129,1758,1016,1041
2023-03-24 02:00:00,3014,141,5080,1556,257,598,507,1170,530,241,928,141,72,3518,5951,380,1140,496,710,2106,1755,1011,1038
2023-03-24 03:00:00,3027,143,5115,1563,259,600,515,1176,532,244,940,143,74,3583,5939,388,1156,500,717,2093,1753,1009,1041
2023-03-24 04:00:00,3054,146,5184,1579,263,605,526,1187,537,249,959,146,75,3687,5933,400,1180,510,730,2093,1750,1011,1051
2023-03-24 05:00:00,3094,151,5283,1604,270,610,540,1201,547,256,983,151,77,3824,5933,414,1212,523,746,2104,1748,1015,1065
2023-03-24 06:00:00,3143,155,5404,1636,278,617,556,1218,559,264,1011,155,80,3983,5939,431,1248,539,766,2126,1747,1023,1084
2023-03-24 07:00:00,3198,160,5539,1671,286,624,573,1236,572,272,1040,160,82,4154,5950,449,1286,556,788,2157,1746,1032,1105
2023-03-24 08:00:00,3256,165,5679,1709,295,631,589,1255,587,280,1069,165,84,4324,5966,466,1324,575,810,2195,1746,1043,1128
2023-03-24 09:00:00,3313,170,5815,1745,304,638,604,1272,602,288,1096,170,86,4483,5985,483,1358,592,831,2237,1747,1055,1151
2023-03-24 10:00:00,3364,173,5935,1779,311,644,616,1287,616,295,1118,173,87,4619,6007,496,1388,608,849,2281,1749,1067,1172
2023-03-24 11:00:00,3406,176,6034,1807,317,648,625,1299,628,300,1136,176,88,4723,6029,506,1410,621,864,2323,1751,1078,1190
2023-03-24 12:00:00,3436,177,6104,1828,322,651,630,1307,637,303,1146,177,88,4789,6050,512,1423,630,873,2361,1753,1088,1203
2023-03-24 13:00:00,3453,177,6141,1840,324,652,631,1311,643,305,1149,177,88,4813,6069,514,1426,635,877,2392,1756,1095,1212
2023-03-24 14:00:00,3456,176,6142,1842,324,651,627,1309,645,304,1144,176,87,4792,6084,511,1420,635,876,2413,1759,1100,1214
2023-03-24 15:00:00,3443,174,6108,1835,322,649,620,1304,643,301,1133,174,86,4730,6095,503,1405,630,869,2425,1761,1102,1211
2023-03-24 16:00:00,3417,171,6042,1819,317,645,609,1294,637,296,1115,170,84,4630,6101,492,1382,621,857,2425,1764,1100,1202
2023-03-24 17:00:00,3380,167,5948,1795,311,639,596,1280,628,290,1092,166,82,4500,6100,478,1352,609,841,2414,1765,1096,1188
2023-03-24 18:00:00,3333,162,5833,1766,304,633,581,1264,617,282,1065,162,80,4349,6095,462,1318,593,822,2393,1767,1089,1170
2023-03-24 19:00:00,3280,158,5705,1732,296,626,565,1247,604,274,1038,157,78,4188,6084,446,1281,577,802,2364,1767,1080,1150
2023-03-24 20:00:00,3226,153,5573,1696,287,619,550,1229,590,266,1010,153,76,4027,6069,429,1246,559,781,2327,1767,1069,1128
2023-03-24 21:00:00,3173,149,5445,1662,279,613,536,1213,576,259,985,149,74,3878,6050,414,1213,543,761,2287,1766,1058,1107
2023-03-24 22:00:00,3125,146,5332,1630,272,608,524,1199,563,253,964,145,73,3750,6030,401,1186,528,744,2246,1765,1047,1087
2023-03-24 23:00:00,3085,143,5239,1604,266,604,516,1188,551,248,948,143,72,3653,6009,392,1165,516,731,2206,1763,1036,1070
2023-03-25 00:00:00,3057,142,5174,1585,262,601,512,1180,543,245,938,142,72,3592,5989,386,1153,508,722,2171,1760,1027,1058
2023-03-25 01:00:00,3041,142,5141,1574,260,600,511,1177,538,244,936,142,72,3571,5972,385,1150,503,718,2142,1758,1020,1050
2023-03-25 02:00:00,3039,143,5141,1572,260,601,514,1178,536,245,940,143,73,3592,5957,388,1156,504,720,2122,1755,1016,1048
2023-03-25 03:00:00,3051,145,5174,1579,263,603,521,1184,538,247,952,145,74,3652,5947,395,1171,508,726,2111,1753,1015,1051
2023-03-25 04:00:00,3076,148,5237,1594,267,607,532,1194,543,252,969,148,76,3747,5942,406,1193,517,738,2112,1751,1016,1060
2023-03-25 05:00:00,3112,152,5327,1617,273,612,544,1206,552,258,991,152,78,3871,5943,419,1222,528,753,2122,1749,1020,1073
2023-03-25 06:00:00,3157,156,5436,1645,280,618,559,1222,563,265,1015,156,80,4014,5948,434,1254,543,771,2142,1748,1027,1090
2023-03-25 07:00:00,3206,161,5557,1677,287,625,574,1238,575,273,1042,161,82,4166,5959,450,1288,559,790,2170,1747,1036,1109
2023-03-25 08:00:00,3258,165,5682,1710,295,631,588,1254,588,280,1067,165,84,4318,5973,465,1322,575,810,2205,1748,1046,1130
2023-03-25 09:00:00,3308,169,5802,1743,303,637,601,1270,602,287,1091,169,85,4458,5990,480,1352,591,828,2243,1748,1056,1150
2023-03-25 10:00:00,3353,172,5908,1773,310,642,612,1283,614,293,1111,172,87,4578,6010,491,1378,605,844,2282,1750,1067,1169
2023-03-25 11:00:00,3390,174,5995,1797,315,646,619,1294,624,297,1126,174,87,4669,6029,500,1397,616,857,2319,1752,1077,1184
2023-03-25 12:00:00,3417,175,6055,1815,319,648,624,1301,632,300,1135,175,88,4725,6048,505,1408,624,865,2352,1754,1085,1196
2023-03-25 13:00:00,3431,175,6086,1825,321,649,624,1303,637,301,1137,175,87,4743,6065,506,1411,627,869,2379,1756,1092,1203
2023-03-25 14:00:00,3432,174,6085,1827,320,648,621,1302,639,300,1132,174,87,4723,6078,503,1405,627,867,2398,1759,1095,1205
2023-03-25 15:00:00,3420,172,6053,1820,318,646,614,1296,637,298,1121,172,85,4665,6087,497,1391,623,861,2408,1761,1097,1202
2023-03-25 16:00:00,3396,169,5992,1805,314,642,604,1287,632,293,1105,169,84,4574,6092,487,1369,615,850,2407,1763,1095,1193
2023-03-25 17:00:00,3362,166,5907,1784,309,637,592,1275,624,287,1085,165,82,4456,6091,474,1342,603,835,2397,1765,1091,1181
2023-03-25 18:00:00,3320,162,5803,1757,302,632,578,1261,613,281,1061,161,80,4321,6086,460,1312,590,818,2378,1766,1085,1165
2023-03-25 19:00:00,3273,157,5689,1727,295,626,564,1245,601,274,1036,157,78,4177,6076,445,1280,574,800,2351,1766,1077,1146
2023-03-25 20:00:00,3224,153,5571,1695,287,620,551,1230,589,267,1012,153,76,4034,6062,430,1248,559,781,2318,1766,1067,1127
2023-03-25 21:00:00,3177,150,5458,1664,280,614,539,1215,576,260,990,149,75,3902,6046,417,1219,544,764,2282,1765,1057,1108
2023-03-25 22:00:00,3135,147,5358,1637,274,609,529,1203,565,255,971,147,74,3790,6028,406,1195,531,749,2245,1764,1047,1091
2023-03-25 23:00:00,3100,145,5277,1614,269,606,521,1193,555,250,957,144,73,3705,6009,397,1177,521,737,2210,1762,1038,1076
2023-03-26 00:00:00,3075,144,5221,1597,265,603,518,1187,548,248,949,143,73,3653,5991,393,1167,514,729,2179,1760,1030,1065
2023-03-26 01:00:00,3062,144,5193,1588,264,603,517,1184,543,247,947,143,73,3637,5976,392,1165,510,726,2154,1758,1024,1058
2023-03-26 02:00:00,3062,145,5194,1586,264,604,521,1186,542,248,952,145,74,3658,5963,395,1171,511,728,2136,1755,1020,1057
2023-03-26 03:00:00,3073,147,5226,1593,266,606,527,1191,544,250,962,147,75,3713,5955,401,1184,515,734,2128,1753,1019,1060
2023-03-26 04:00:00,3096,149,5284,1607,270,609,537,1200,549,255,978,149,77,3800,5951,411,1205,523,745,2129,1751,1021,1068
2023-03-26 05:00:00,3129,153,5365,1628,275,614,548,1211,556,260,997,153,78,3912,5951,423,1230,533,758,2139,1750,1025,1080
2023-03-26 06:00:00,3169,157,5464,1653,281,619,561,1225,566,266,1020,157,80,4040,5956,436,1259,546,775,2157,1749,1031,1095
2023-03-26 07:00:00,3213,161,5572,1682,288,625,574,1239,577,273,1043,161,82,4176,5966,451,1290,561,792,2182,1748,1038,1113
2023-03-26 08:00:00,3259,164,5683,1712,295,631,587,1254,589,280,1066,164,83,4311,5979,464,1319,575,809,2213,1749,1047,1131
2023-03-26 09:00:00,3304,168,5790,1740,302,636,598,1268,601,286,1087,168,85,4435,5995,477,1346,589,826,2247,1749,1057,1149
2023-03-26 10:00:00,3343,171,5884,1767,308,641,608,1279,612,291,1104,171,86,4540,6012,487,1369,601,840,2282,1751,1066,1165
2023-03-26 11:00:00,3376,173,5959,1788,313,644,614,1289,621,295,1117,172,87,4619,6029,495,1386,611,851,2315,1752,1075,1179
2023-03-26 12:00:00,3399,174,6012,1804,316,646,618,1294,628,297,1125,173,87,4667,6046,499,1395,618,858,2345,1754,1083,1189
2023-03-26 13:00:00,3411,174,6037,1812,317,647,618,1297,632,298,1126,173,86,4681,6061,500,1397,621,861,2368,1756,1088,1195
2023-03-26 14:00:00,3411,173,6034,1813,317,646,615,1295,633,297,1122,172,86,4661,6072,497,1391,620,859,2384,1759,1091,1197
2023-03-26 15:00:00,3400,171,6004,1807,315,644,608,1290,631,295,1112,170,85,4607,6080,491,1378,616,853,2392,1761,1092,1193
2023-03-26 16:00:00,3378,168,5948,1793,311,640,600,1282,626,291,1097,168,83,4524,6084,482,1359,609,843,2391,1762,1091,1186
2023-03-26 17:00:00,3347,165,5871,1774,306,636,589,1271,619,285,1078,164,82,4418,6083,470,1334,599,830,2381,1764,1087,1174
2023-03-26 18:00:00,3309,161,5777,1749,301,631,577,1258,610,280,1057,161,80,4297,6078,458,1307,586,815,2364,1765,1081,1160
2023-03-26 19:00:00,3267,157,5675,1722,294,625,564,1244,599,273,1035,157,78,4168,6069,444,1278,573,798,2339,1765,1074,1143
2023-03-26 20:00:00,3223,154,5570,1694,287,620,552,1230,588,267,1013,153,77,4041,6057,431,1250,559,782,2310,1765,1065,1126
2023-03-26 21:00:00,3181,151,5470,1667,281,615,541,1217,577,261,994,150,75,3924,6042,419,1225,546,766,2278,1764,1056,1109
2023-03-26 22:00:00,3144,148,5382,1642,275,611,533,1206,567,256,977,148,74,3826,6026,410,1204,535,753,2245,1763,1048,1094
2023-03-26 23:00:00,3114,146,5311,1622,271,608,526,1198,558,253,965,146,74,3752,6009,402,1188,525,743,2214,1761,1039,1081
2023-03-27 00:00:00,3092,145,5262,1608,268,606,523,1192,552,250,959,145,74,3707,5993,399,1179,519,736,2186,1759,1032,1071
2023-03-27 01:00:00,3081,145,5239,1600,267,605,523,1190,548,250,957,145,74,3695,5980,398,1178,516,734,2164,1757,1027,1066
2023-03-27 02:00:00,3082,146,5242,1599,267,606,526,1192,547,251,962,146,75,3716,5969,401,1184,517,736,2149,1755,1024,1065
2023-03-27 03:00:00,3093,148,5272,1606,269,608,532,1197,549,253,971,148,76,3768,5961,407,1196,521,741,2142,1754,1023,1068
2023-03-27 04:00:00,3114,151,5326,1619,272,611,541,1205,553,257,985,151,77,3847,5958,415,1215,528,751,2144,1752,1025,1075
2023-03-27 05:00:00,3143,154,5399,1637,277,616,551,1215,560,262,1003,154,79,3947,5959,426,1238,538,763,2153,1751,1028,1086
2023-03-27 06:00:00,3179,157,5488,1660,283,620,562,1227,569,268,1023,157,80,4062,5964,438,1264,549,778,2170,1750,1034,1100
2023-03-27 07:00:00,3219,161,5585,1686,289,626,574,1241,579,274,1044,161,82,4184,5972,451,1291,562,793,2193,1749,1041,1115
2023-03-27 08:00:00,3260,164,5684,1712,295,631,586,1254,590,279,1064,164,83,4304,5984,463,1317,575,809,2221,1750,1049,1132
2023-03-27 09:00:00,3299,167,5778,1738,301,635,596,1266,600,285,1083,167,84,4413,5998,474,1341,587,823,2251,1750,1058,1148
2023-03-27 10:00:00,3335,169,5861,1761,306,639,604,1276,610,289,1098,169,85,4506,6014,484,1361,598,836,2282,1751,1066,1162
2023-03-27 11:00:00,3363,171,5927,1780,311,642,610,1284,618,293,1109,171,86,4575,6029,490,1375,607,845,2312,1753,1074,1174
2023-03-27 12:00:00,3383,172,5972,1793,313,644,613,1289,624,295,1116,172,86,4616,6044,494,1383,613,851,2337,1755,1080,1183
2023-03-27 13:00:00,3393,172,5993,1801,315,644,613,1291,627,295,1117,172,86,4626,6057,494,1385,615,854,2358,1757,1085,1188
2023-03-27 14:00:00,3392,171,5989,1801,314,644,610,1289,628,295,1112,171,85,4605,6067,491,1379,614,852,2372,1759,1088,1189
2023-03-27 15:00:00,3382,169,5960,1795,312,641,604,1284,626,292,1103,169,84,4556,6074,486,1367,611,846,2378,1760,1089,1186
2023-03-27 16:00:00,3361,167,5909,1782,309,638,596,1277,622,288,1090,166,83,4480,6077,477,1349,604,837,2377,1762,1087,1179
2023-03-27 17:00:00,3333,164,5839,1765,305,634,586,1267,615,284,1073,164,81,4385,6076,467,1327,594,825,2368,1763,1084,1169
2023-03-27 18:00:00,3299,161,5755,1743,299,630,575,1255,607,278,1054,160,80,4276,6071,456,1303,583,812,2352,1764,1078,1155
2023-03-27 19:00:00,3261,157,5663,1719,293,625,564,1243,597,273,1034,157,78,4161,6063,444,1277,571,797,2330,1764,1072,1141
2023-03-27 20:00:00,3223,154,5570,1693,287,620,553,1231,587,267,1015,154,77,4048,6052,432,1252,559,782,2303,1764,1064,1125
2023-03-27 21:00:00,3185,151,5481,1669,282,616,544,1219,578,262,998,151,76,3945,6038,422,1230,548,769,2275,1763,1056,1110
2023-03-27 22:00:00,3153,149,5403,1648,277,612,536,1210,569,258,983,149,75,3858,6024,413,1211,537,757,2245,1762,1048,1097
2023-03-27 23:00:00,3126,148,5342,1630,273,609,531,1202,561,255,973,147,75,3794,6009,407,1198,529,748,2218,1761,1041,1085
2023-03-28 00:00:00,3108,147,5300,1617,270,608,528,1197,555,253,967,147,74,3756,5995,404,1190,524,742,2193,1759,1035,1077
2023-03-28 01:00:00,3099,147,5281,1611,269,607,528,1196,552,252,966,147,75,3748,5983,403,1190,522,741,2174,1757,1030,1072
2023-03-28 02:00:00,3099,148,5285,1611,270,608,531,1198,552,253,971,148,75,3768,5974,406,1195,522,742,2161,1755,1028,1072
2023-03-28 03:00:00,3110,149,5313,1617,271,610,537,1202,553,256,979,149,76,3816,5967,412,1207,526,748,2155,1754,1027,1075
2023-03-28 04:00:00,3129,152,5362,1629,275,613,544,1209,558,259,992,152,77,3888,5964,420,1223,533,756,2157,1752,1028,1082
2023-03-28 05:00:00,3156,155,5429,1646,279,617,554,1219,564,263,1008,154,79,3978,5965,429,1244,542,768,2166,1751,1032,1091
2023-03-28 06:00:00,3188,158,5508,1666,284,621,564,1230,572,269,1026,158,80,4082,5970,440,1268,552,781,2181,1750,1037,1104
2023-03-28 07:00:00,3224,161,5595,1689,290,626,574,1241,581,274,1045,161,82,4190,5978,451,1292,563,795,2202,1750,1043,1118
2023-03-28 08:00:00,3260,164,5683,1713,295,630,584,1253,590,279,1063,164,83,4297,5989,462,1315,575,808,2227,1750,1050,1132
2023-03-28 09:00:00,3295,166,5767,1736,300,634,593,1264,600,284,1079,166,84,4394,6001,472,1336,586,821,2254,1751,1058,1147
2023-03-28 10:00:00,3326,168,5840,1756,305,638,601,1273,608,288,1093,168,85,4475,6015,480,1354,595,832,2282,1752,1065,1159
2023-03-28 11:00:00,3351,170,5898,1773,309,640,606,1280,615,291,1102,170,85,4534,6029,486,1366,603,840,2308,1754,1072,1170
2023-03-28 12:00:00,3368,171,5936,1784,311,642,608,1284,620,293,1107,170,85,4569,6042,489,1373,608,846,2331,1755,1078,1178
2023-03-28 13:00:00,3376,170,5954,1790,312,642,608,1285,623,293,1108,170,85,4577,6054,489,1374,610,847,2349,1757,1082,1182
2023-03-28 14:00:00,3375,170,5949,1790,312,641,605,1284,624,292,1104,169,84,4556,6062,486,1368,609,846,2361,1759,1085,1183
2023-03-28 15:00:00,3365,168,5922,1784,310,640,600,1279,622,290,1095,168,84,4510,6068,481,1357,605,840,2366,1760,1085,1179
2023-03-28 16:00:00,3347,166,5875,1773,307,637,592,1272,618,287,1083,166,82,4442,6071,474,1341,599,832,2364,1762,1084,1173
2023-03-28 17:00:00,3321,163,5811,1757,303,633,583,1263,612,282,1068,163,81,4356,6070,464,1321,591,821,2356,1763,1080,1163
2023-03-28 18:00:00,3291,160,5736,1737,298,629,574,1253,604,278,1051,160,80,4258,6065,454,1299,581,809,2341,1763,1076,1152
2023-03-28 19:00:00,3257,157,5654,1715,293,625,564,1242,596,273,1034,157,78,4156,6058,443,1276,570,796,2321,1763,1070,1139
2023-03-28 20:00:00,3222,155,5571,1693,287,620,554,1231,587,268,1017,154,77,4055,6048,433,1254,559,783,2297,1763,1063,1125
2023-03-28 21:00:00,3189,152,5492,1672,282,617,546,1221,578,263,1001,152,76,3964,6036,424,1234,549,771,2272,1763,1056,1111
2023-03-28 22:00:00,3160,150,5424,1652,278,613,539,1213,570,259,989,150,76,3888,6023,416,1218,540,761,2246,1762,1049,1099
2023-03-28 23:00:00,3137,149,5369,1637,275,611,535,1206,564,257,980,148,75,3832,6009,411,1207,533,753,2221,1760,1042,1089
2023-03-29 00:00:00,3121,148,5333,1626,272,610,532,1202,559,255,975,148,75,3800,5997,408,1200,529,748,2200,1759,1037,1082
2023-03-29 01:00:00,3114,148,5318,1621,272,609,533,1201,556,255,974,148,75,3794,5986,408,1200,527,746,2183,1757,1033,1078
2023-03-29 02:00:00,3115,149,5323,1621,272,610,536,1203,556,255,978,149,76,3814,5978,411,1205,527,748,2172,1756,1031,1078
2023-03-29 03:00:00,3125,151,5350,1627,274,612,541,1207,557,258,987,150,77,3858,5973,416,1216,531,753,2167,1754,1030,1081
2023-03-29 04:00:00,3143,153,5394,1638,277,615,548,1213,561,261,998,153,78,3924,5970,423,1231,537,761,2169,1753,1032,1087
2023-03-29 05:00:00,3167,155,5455,1653,281,618,556,1222,567,265,1013,155,79,4006,5971,432,1250,545,771,2177,1752,1035,1096
2023-03-29 06:00:00,3196,158,5526,1672,285,622,565,1232,574,269,1029,158,80,4098,5976,442,1271,554,783,2191,1751,1039,1107
2023-03-29 07:00:00,3228,161,5604,1692,290,626,574,1242,582,274,1045,161,82,4195,5983,452,1292,565,795,2210,1751,1045,1120
2023-03-29 08:00:00,3261,163,5682,1713,295,630,583,1253,591,279,1061,163,83,4289,5993,461,1313,575,808,2233,1751,1052,1133
2023-03-29 09:00:00,3292,166,5756,1733,300,634,591,1262,599,283,1076,166,84,4375,6004,470,1332,584,819,2257,1752,1058,1145
2023-03-29 10:00:00,3319,168,5821,1751,304,637,598,1270,607,287,1087,167,84,4446,6016,477,1347,593,829,2282,1753,1065,1157
2023-03-29 11:00:00,3340,169,5871,1766,307,639,602,1276,613,289,1096,169,85,4498,6029,482,1358,599,836,2305,1754,1071,1166
2023-03-29 12:00:00,3355,169,5904,1776,309,640,604,1280,617,291,1100,169,85,4527,6040,484,1363,604,840,2325,1755,1076,1173
2023-03-29 13:00:00,3362,169,5919,1781,310,640,603,1281,620,291,1100,169,85,4532,6050,484,1364,605,842,2340,1757,1080,1176
2023-03-29 14:00:00,3361,168,5913,1781,309,640,601,1279,620,290,1097,168,84,4513,6058,482,1358,604,840,2351,1758,1082,1177
2023-03-29 15:00:00,3351,167,5887,1775,308,638,596,1275,618,288,1089,167,83,4470,6063,477,1348,601,835,2355,1760,1082,1174
2023-03-29 16:00:00,3334,165,5844,1764,305,635,589,1269,615,285,1078,165,82,4408,6065,470,1334,595,827,2353,1761,1081,1168
2023-03-29 17:00:00,3311,163,5787,1750,301,632,581,1261,609,281,1064,162,81,4330,6064,462,1316,588,818,2345,1762,1078,1159
2023-03-29 18:00:00,3283,160,5719,1732,297,628,573,1251,602,277,1049,160,80,4243,6060,453,1296,579,807,2331,1763,1073,1148
2023-03-29 19:00:00,3253,157,5646,1713,292,625,564,1241,595,272,1033,157,79,4151,6053,443,1276,569,795,2313,1763,1068,1137
2023-03-29 20:00:00,3222,155,5572,1693,288,621,555,1232,587,268,1018,155,77,4062,6044,434,1256,559,783,2292,1763,1062,1124
2023-03-29 21:00:00,3193,153,5502,1674,283,617,548,1223,579,264,1005,152,77,3982,6033,426,1239,550,773,2269,1762,1055,1113
2023-03-29 22:00:00,3168,151,5442,1657,279,615,542,1215,572,261,994,151,76,3915,6021,419,1225,543,764,2246,1761,1049,1102
2023-03-29 23:00:00,3147,150,5395,1643,276,612,538,1210,566,258,986,150,76,3867,6010,415,1214,536,757,2224,1760,1043,1093
2023-03-30 00:00:00,3134,149,5364,1634,274,611,536,1206,562,257,982,149,76,3840,5999,413,1209,533,753,2206,1758,1039,1087
2023-03-30 01:00:00,3128,149,5351,1629,274,611,537,1205,560,257,982,149,76,3836,5989,413,1209,531,752,2191,1757,1035,1084
2023-03-30 02:00:00,3129,150,5357,1630,274,612,539,1207,559,258,985,150,76,3855,5982,415,1214,532,754,2181,1756,1033,1084
2023-03-30 03:00:00,3138,152,5382,1635,276,614,544,1211,561,259,993,151,77,3896,5977,420,1224,535,758,2177,1754,1033,1086
2023-03-30 04:00:00,3155,154,5423,1646,278,616,550,1217,565,262,1003,153,78,3955,5976,426,1238,541,766,2179,1753,1035,1092
2023-03-30 05:00:00,3177,156,5477,1659,282,619,558,1225,570,266,1016,156,79,4029,5977,434,1255,548,775,2187,1752,1037,1100
2023-03-30 06:00:00,3203,158,5542,1676,286,623,566,1234,576,270,1031,158,80,4112,5981,443,1274,556,785,2200,1752,1042,1110
2023-03-30 07:00:00,3231,161,5611,1695,290,626,574,1243,584,274,1046,161,81,4198,5988,452,1293,565,796,2217,1752,1047,1122
2023-03-30 08:00:00,3260,163,5681,1713,295,630,582,1252,591,278,1060,163,82,4282,5996,460,1311,575,807,2237,1752,1053,1133
2023-03-30 09:00:00,3288,165,5746,1731,299,633,589,1260,598,282,1072,165,83,4358,6006,468,1328,583,817,2259,1752,1059,1144
2023-03-30 10:00:00,3312,167,5803,1747,303,636,595,1267,605,285,1083,167,84,4420,6017,474,1341,590,826,2281,1753,1064,1154
2023-03-30 11:00:00,3331,168,5847,1760,305,638,598,1273,610,288,1090,168,84,4465,6028,478,1350,596,832,2301,1754,1070,1162
2023-03-30 12:00:00,3343,168,5876,1768,307,639,600,1276,614,289,1094,168,84,4490,6039,480,1355,600,836,2319,1756,1074,1168
2023-03-30 13:00:00,3349,168,5887,1773,308,639,600,1277,616,289,1094,168,84,4493,6048,480,1355,601,837,2333,1757,1077,1171
2023-03-30 14:00:00,3347,167,5881,1772,307,638,597,1275,617,288,1090,167,83,4474,6054,478,1350,600,835,2342,1758,1079,1171
2023-03-30 15:00:00,3338,166,5857,1767,306,636,593,1271,615,286,1083,166,83,4435,6059,473,1341,597,830,2345,1760,1079,1168
2023-03-30 16:00:00,3323,164,5818,1757,303,634,587,1265,612,283,1073,164,82,4378,6060,467,1327,592,823,2343,1761,1078,1163
2023-03-30 17:00:00,3302,162,5766,1744,300,631,580,1258,607,280,1060,162,81,4308,6059,460,1311,585,815,2336,1762,1075,1155
2023-03-30 18:00:00,3277,160,5705,1728,296,628,572,1250,600,276,1047,159,80,4230,6055,452,1294,577,805,2323,1762,1071,1146
2023-03-30 19:00:00,3250,157,5639,1710,292,624,564,1241,594,272,1033,157,79,4149,6049,443,1276,568,794,2307,1762,1066,1135
2023-03-30 20:00:00,3223,155,5574,1693,288,621,556,1232,586,268,1020,155,78,4070,6040,435,1258,560,784,2288,1762,1061,1124
2023-03-30 21:00:00,3197,153,5512,1676,284,618,550,1224,579,265,1008,153,77,3998,6031,428,1243,552,775,2267,1761,1055,1114
2023-03-30 22:00:00,3174,152,5459,1661,280,616,545,1218,573,262,998,151,76,3940,6020,422,1230,545,767,2247,1761,1050,1104
2023-03-30 23:00:00,3157,151,5418,1649,278,614,541,1213,568,260,991,150,76,3898,6010,418,1222,540,761,2227,1759,1045,1097